peak,method,xf,yf,zf,x_cart_A,y_cart_A,z_cart_A,rho_e_per_A3,gradient_norm_e_per_A4,hessian_eig1,hessian_eig2,hessian_eig3,iterations
1,NR,0.8165582974,0.6052860838,0.4436785325,11.4247738289,6.3817094139,3.1540009919,124.3238340746,6.5729839011e-13,-1.3203635269e+03,-1.3184668008e+03,-1.3141236061e+03,4
2,NR,0.1846283978,0.7329024958,0.4225570517,5.4539350908,7.5663458568,3.0038536074,80.6280901686,3.1248270121e-13,-8.5342338033e+02,-8.4970484403e+02,-8.4740825725e+02,4
3,NR,0.5384449132,0.1874451588,0.4257128519,6.9701611592,2.3807588648,3.0262874105,33.8599810537,3.4005694706e-07,-3.6157600403e+02,-3.5680838804e+02,-3.5457557016e+02,3
4,NR,0.6496488626,0.3938038340,0.4527911030,8.9380738626,4.3822444124,3.2187800029,10.2906289541,1.4597468220e-13,-1.0568885800e+02,-1.0031571787e+02,-9.6148353469e+01,4
5,NR,0.4839724898,0.6467275439,0.4875885963,8.2854096684,6.8376243503,3.4661467790,10.1505193335,7.2695645753e-07,-1.0073164077e+02,-9.9314990268e+01,-9.1735703411e+01,3
6,NR,0.3778069373,0.4410798452,0.5617174545,6.5578414121,4.9848847731,3.9931105045,10.0564943262,2.2109765132e-13,-9.7543135266e+01,-9.5139766962e+01,-9.1686490885e+01,4
7,NR,0.5103159411,0.3798613428,0.4069374722,7.3849211094,4.1852549570,2.8928178780,7.1579006206,1.7433060017e-13,-8.5255661802e+01,-7.5267981411e+01,-7.2076478583e+01,4
8,NR,0.3413637643,0.6049091152,0.5747553480,6.8375365035,6.5620071116,4.0857936660,6.9027985308,9.3982951727e-12,-7.3918001247e+01,-7.2999479039e+01,-6.5005808044e+01,4
9,NR,0.6209043141,0.5225196438,0.5506515724,9.3180916373,5.7442585468,3.9144458845,6.8467640043,1.1743970714e-12,-7.5003536777e+01,-6.9123503945e+01,-6.7916846398e+01,4
10,NR,0.4723034409,0.7328838146,0.5335155162,8.5806238862,7.7218290953,3.7926298981,3.2353220270,2.7255960196e-08,-4.1496670332e+01,-2.7682745721e+01,-2.3712755656e+01,4
11,NR,0.4975569854,0.6746192173,0.3471357592,8.2712189545,6.9059750468,2.4677022860,3.0527627079,4.3261283892e-11,-3.1399962409e+01,-2.5760624529e+01,-2.4219242769e+01,4
12,NR,0.7160463716,0.3935939911,0.3307276198,9.3869044191,4.2090078059,2.3510608796,2.9080916691,2.0605226737e-13,-2.6943040889e+01,-2.5050177110e+01,-1.8819643034e+01,4
13,NR,0.3932419845,0.3775113508,0.6909414079,6.7098435611,4.5613172005,4.9117316400,2.8828491181,3.8930516834e-09,-2.9386766740e+01,-2.2998740537e+01,-1.7208160057e+01,4
14,NR,0.2903890147,0.4400398995,0.5304723564,5.6082721302,4.9311567094,3.7709968275,2.8583617403,2.4715579833e-11,-2.8817925002e+01,-2.0043045895e+01,-1.5920291575e+01,3
15,NR,0.3038863283,0.6164566236,0.7331661731,6.7927644471,6.8941121695,5.2118970556,2.8337198631,6.8386419427e-14,-2.9580761574e+01,-2.4925878207e+01,-2.3569528199e+01,4
16,NR,0.6986524670,0.3031825521,0.5354315768,9.2419145669,3.6359193255,3.8062506992,2.8065097229,6.6717125883e-13,-2.4563344183e+01,-2.0438787137e+01,-1.5153125651e+01,4
17,NR,0.4898534217,0.4500351317,0.2564173465,7.1678496368,4.6417958641,1.8228075194,2.8009456860,1.6899776986e-11,-2.9366264347e+01,-2.5186156718e+01,-2.0474869893e+01,4
18,NR,0.6061609160,0.4899902902,0.7147104834,9.3462796303,5.6648968277,5.0807001210,2.7467193460,4.9482107474e-12,-2.8890361165e+01,-2.5903632511e+01,-1.6665353615e+01,4
