atom_number,atom,xf,yf,zf,closest_peak,distance_A,successful_under_0.1A,peak_rho_e_per_A3
1,I1,0.8165590000,0.6052850000,0.4436810000,1,0.0000202857,True,124.3238340746
2,Br2,0.1845530000,0.7328490000,0.4225280000,2,0.0011802987,True,80.6280901686
3,Cl3,0.5386010000,0.1875470000,0.4258220000,3,0.0025680968,True,33.8599810537
4,N4,0.4838830000,0.6465450000,0.4881470000,5,0.0041231563,True,10.1505193335
5,N5,0.3786780000,0.4420240000,0.5612050000,6,0.0146319557,True,10.0564943262
6,N6,0.6496480000,0.3942860000,0.4526070000,4,0.0047634013,True,10.2906289541
7,B7,0.3430470000,0.6042300000,0.5762990000,8,0.0209724314,True,6.9027985308
8,B8,0.6236000000,0.5244220000,0.5477380000,9,0.0385088884,True,6.8467640043
9,B9,0.5101270000,0.3805570000,0.4078170000,7,0.0103113922,True,7.1579006206
10,H10,0.7012610000,0.3021050000,0.5370150000,16,0.0288315176,True,2.8065097229
11,H11,0.7196910000,0.3989850000,0.3288480000,12,0.0740212616,True,2.9080916691
12,H12,0.4878960000,0.4499700000,0.2554780000,17,0.0229427520,True,2.8009456860
13,H13,0.4724730000,0.7354570000,0.5352320000,10,0.0329938376,True,3.2353220270
14,H14,0.4922430000,0.6776230000,0.3451110000,11,0.0548414021,True,3.0527627079
15,H15,0.6090350000,0.4886680000,0.7149050000,18,0.0274557819,True,2.7467193460
16,H16,0.3068730000,0.6181110000,0.7364860000,15,0.0529421151,True,2.8337198631
17,H17,0.2901880000,0.4332510000,0.5304140000,14,0.0705139819,True,2.8583617403
18,H18,0.3916460000,0.3780860000,0.6906680000,13,0.0155077567,True,2.8828491181
