Volume_m3_per_mol,Experimental_Pa,Fitted_Pa,Residual_Pa
8.314470000000e-02,9.978494534200e+03,9.979867904807e+03,-1.373370607353e+00
7.558609090909e-02,1.097944856499e+04,1.097564114145e+04,3.807423543549e+00
6.928725000000e-02,1.197611424536e+04,1.197101191376e+04,5.102331602209e+00
6.395746153846e-02,1.296410192866e+04,1.296598022174e+04,-1.878293082527e+00
5.938907142857e-02,1.396366948510e+04,1.396054606538e+04,3.123419719359e+00
5.542980000000e-02,1.495773638141e+04,1.495470944469e+04,3.026936722270e+00
5.196543750000e-02,1.594077383326e+04,1.594847035966e+04,-7.696526407915e+00
4.890864705882e-02,1.694076222178e+04,1.694182881030e+04,-1.066588522393e+00
4.619150000000e-02,1.794105498726e+04,1.793478479661e+04,6.270190651565e+00
4.376036842105e-02,1.892498573060e+04,1.892733831858e+04,-2.352587980793e+00
4.157235000000e-02,1.991849689956e+04,1.991948937622e+04,-9.924766582044e-01
3.959271428571e-02,2.090428758251e+04,2.091123796953e+04,-6.950387019104e+00
3.779304545455e-02,2.190120869160e+04,2.190258409850e+04,-1.375406894578e+00
3.614986956522e-02,2.288667824793e+04,2.289352776314e+04,-6.849515207079e+00
3.464362500000e-02,2.388717566335e+04,2.388406896344e+04,3.106699914453e+00
3.325788000000e-02,2.486244447676e+04,2.487420769941e+04,-1.176322264560e+01
3.197873076923e-02,2.585152653229e+04,2.586394397104e+04,-1.241743875511e+01
3.079433333333e-02,2.686656878762e+04,2.685327777835e+04,1.329100927292e+01
2.969453571429e-02,2.784243101164e+04,2.784220912131e+04,2.218903268258e-01
2.867058620690e-02,2.883517190316e+04,2.883073799995e+04,4.433903216002e+00
2.771490000000e-02,2.983186387046e+04,2.981886441425e+04,1.299945621308e+01
2.682087096774e-02,3.081171294547e+04,3.080658836421e+04,5.124581257376e+00
2.598271875000e-02,3.179823507081e+04,3.179390984984e+04,4.325220969273e+00
2.519536363636e-02,3.279725499578e+04,3.278082887114e+04,1.642612463459e+01
2.445432352941e-02,3.377531521691e+04,3.376734542811e+04,7.969788800365e+00
2.375562857143e-02,3.474293663817e+04,3.475345952074e+04,-1.052288256654e+01
2.309575000000e-02,3.574519688121e+04,3.573917114903e+04,6.025732176233e+00
2.247154054054e-02,3.672240742731e+04,3.672448031300e+04,-2.072885682093e+00
2.188018421053e-02,3.771495710565e+04,3.770938701262e+04,5.570093024369e+00
2.131915384615e-02,3.870137317307e+04,3.869389124792e+04,7.481925155989e+00
2.078617500000e-02,3.968695848235e+04,3.967799301888e+04,8.965463467735e+00
2.027919512195e-02,4.064155499966e+04,4.066169232551e+04,-2.013732584081e+01
1.979635714286e-02,4.162506038810e+04,4.164498916780e+04,-1.992877969986e+01
1.933597674419e-02,4.261790504158e+04,4.262788354576e+04,-9.978504174156e+00
1.889652272727e-02,4.360567417532e+04,4.361037545938e+04,-4.701284066781e+00
1.847660000000e-02,4.461255114482e+04,4.459246490867e+04,2.008623614202e+01
1.807493478261e-02,4.558741510086e+04,4.557415189363e+04,1.326320723079e+01
1.769036170213e-02,4.655921914023e+04,4.655543641425e+04,3.782725973564e+00
1.732181250000e-02,4.753522653205e+04,4.753631847054e+04,-1.091938493541e+00
1.696830612245e-02,4.853233321977e+04,4.851679806250e+04,1.553515727302e+01
1.662894000000e-02,4.949543070741e+04,4.949687519012e+04,-1.444482707222e+00
1.630288235294e-02,5.045937257655e+04,5.047654985341e+04,-1.717727686142e+01
1.598936538462e-02,5.143170486410e+04,5.145582205236e+04,-2.411718826559e+01
1.568767924528e-02,5.245595969366e+04,5.243469178698e+04,2.126790668208e+01
1.539716666667e-02,5.340476048191e+04,5.341315905727e+04,-8.398575361265e+00
1.511721818182e-02,5.440796572260e+04,5.439122386322e+04,1.674185937678e+01
1.484726785714e-02,5.534344822833e+04,5.536888620484e+04,-2.543797650332e+01
1.458678947368e-02,5.633229421244e+04,5.634614608212e+04,-1.385186967779e+01
1.433529310345e-02,5.732069274424e+04,5.732300349507e+04,-2.310750834222e+00
1.409232203390e-02,5.832259702409e+04,5.829945844369e+04,2.313858040372e+01
1.385745000000e-02,5.929452520988e+04,5.927551092797e+04,1.901428190891e+01
1.363027868852e-02,6.025256391824e+04,6.025116094792e+04,1.402970322735e+00
1.341043548387e-02,6.121743779844e+04,6.122640850353e+04,-8.970705089450e+00
1.319757142857e-02,6.218561355437e+04,6.220125359481e+04,-1.564004043972e+01
1.299135937500e-02,6.315984670737e+04,6.317569622176e+04,-1.584951438446e+01
1.279149230769e-02,6.412972585381e+04,6.414973638437e+04,-2.001053056355e+01
1.259768181818e-02,6.510140043636e+04,6.512337408265e+04,-2.197364629525e+01
1.240965671642e-02,6.607495737764e+04,6.609660931660e+04,-2.165193895654e+01
1.222716176471e-02,6.708186626665e+04,6.706944208621e+04,1.242418043919e+01
1.204995652174e-02,6.807037276247e+04,6.804187239148e+04,2.850037098883e+01
1.187781428571e-02,6.898259789048e+04,6.901390023243e+04,-3.130234194490e+01
1.171052112676e-02,6.997374467488e+04,6.998552560904e+04,-1.178093415772e+01
1.154787500000e-02,7.098256362577e+04,7.095674852131e+04,2.581510445710e+01
1.138968493151e-02,7.195199497518e+04,7.192756896925e+04,2.442600592387e+01
1.123577027027e-02,7.289515418642e+04,7.289798695286e+04,-2.832766438980e+00
1.108596000000e-02,7.386529501232e+04,7.386800247213e+04,-2.707459811762e+00
1.094009210526e-02,7.483858023605e+04,7.483761552707e+04,9.647089809296e-01
1.079801298701e-02,7.583950416982e+04,7.580682611768e+04,3.267805214284e+01
1.065957692308e-02,7.678626339099e+04,7.677563424395e+04,1.062914704024e+01
1.052464556962e-02,7.772704406687e+04,7.774403990589e+04,-1.699583901551e+01
1.039308750000e-02,7.871510131540e+04,7.871204310349e+04,3.058211908516e+00
1.026477777778e-02,7.968147344683e+04,7.967964383676e+04,1.829610067754e+00
1.013959756098e-02,8.062031611950e+04,8.064684210570e+04,-2.652598619869e+01
1.001743373494e-02,8.164035093489e+04,8.161363791030e+04,2.671302459022e+01
9.898178571429e-03,8.260018302942e+04,8.258003125057e+04,2.015177884801e+01
9.781729411765e-03,8.358731650407e+04,8.354602212650e+04,4.129437756271e+01
9.667988372093e-03,8.448307609269e+04,8.451161053811e+04,-2.853444541871e+01
9.556862068966e-03,8.547344678520e+04,8.547679648537e+04,-3.349700175866e+00
9.448261363636e-03,8.642269923376e+04,8.644157996830e+04,-1.888073454224e+01
9.342101123595e-03,8.739506215825e+04,8.740596098690e+04,-1.089882865199e+01
9.238300000000e-03,8.839993729038e+04,8.836993954117e+04,2.999774920780e+01
9.136780219780e-03,8.935014632398e+04,8.933351563110e+04,1.663069288082e+01
9.037467391304e-03,9.030739372646e+04,9.029668925670e+04,1.070446976340e+01
8.940290322581e-03,9.122382007178e+04,9.125946041796e+04,-3.564034617483e+01
8.845180851064e-03,9.226587193998e+04,9.222182911489e+04,4.404282509130e+01
8.752073684211e-03,9.319890292115e+04,9.318379534748e+04,1.510757367066e+01
8.660906250000e-03,9.415526501102e+04,9.414535911575e+04,9.905895272503e+00
8.571618556701e-03,9.512799200471e+04,9.510652041967e+04,2.147158504052e+01
8.484153061224e-03,9.602463727140e+04,9.606727925927e+04,-4.264198786915e+01
8.398454545455e-03,9.701516764157e+04,9.702763563453e+04,-1.246799295585e+01
8.314470000000e-03,9.800949000799e+04,9.798758954545e+04,2.190046253747e+01
8.232148514851e-03,9.890806060681e+04,9.894714099204e+04,-3.908038522900e+01
8.151441176471e-03,9.992291297270e+04,9.990628997430e+04,1.662299840066e+01
8.072300970874e-03,1.009013457098e+05,1.008650364922e+05,3.630921758919e+01
7.994682692308e-03,1.017761410056e+05,1.018233805458e+05,-4.723954022698e+01
7.918542857143e-03,1.027375055920e+05,1.027813221351e+05,-4.381654310507e+01
7.843839622642e-03,1.037000256144e+05,1.037388612600e+05,-3.883564561234e+01
7.770532710280e-03,1.047133662361e+05,1.046959979206e+05,1.736831553228e+01
7.698583333333e-03,1.056571349706e+05,1.056527321168e+05,4.402853795866e+00
7.627954128440e-03,1.066047294309e+05,1.066090638488e+05,-4.334417841543e+00
7.558609090909e-03,1.076000532408e+05,1.075649931163e+05,3.506012448581e+01
7.490513513514e-03,1.085632306748e+05,1.085205199196e+05,4.271075523009e+01
7.423633928571e-03,1.094946777865e+05,1.094756442585e+05,1.903352796040e+01
7.357938053097e-03,1.104386510300e+05,1.104303661331e+05,8.284896855461e+00
7.293394736842e-03,1.113762287256e+05,1.113846855434e+05,-8.456817701313e+00
7.229973913043e-03,1.123736295479e+05,1.123386024893e+05,3.502705866063e+01
7.167646551724e-03,1.132632577008e+05,1.132921169709e+05,-2.885927001246e+01
7.106384615385e-03,1.142486682072e+05,1.142452289881e+05,3.439219067368e+00
7.046161016949e-03,1.152424147463e+05,1.151979385410e+05,4.447620532999e+01
6.986949579832e-03,1.161003556020e+05,1.161502456296e+05,-4.989002757636e+01
6.928725000000e-03,1.171565607938e+05,1.171021502538e+05,5.441053995326e+01
6.871462809917e-03,1.180258114946e+05,1.180536524138e+05,-2.784091912924e+01
6.815139344262e-03,1.190402971296e+05,1.190047521093e+05,3.554502022921e+01
6.759731707317e-03,1.199032103807e+05,1.199554493406e+05,-5.223895984364e+01
6.705217741935e-03,1.208888901066e+05,1.209057441075e+05,-1.685400087542e+01
6.651576000000e-03,1.218792479947e+05,1.218556364101e+05,2.361158461677e+01
6.598785714286e-03,1.227624366130e+05,1.228051262483e+05,-4.268963531723e+01
6.546826771654e-03,1.237232154138e+05,1.237542136222e+05,-3.099820838528e+01
6.495679687500e-03,1.246705237451e+05,1.247028985318e+05,-3.237478672134e+01
6.445325581395e-03,1.256252792615e+05,1.256511809770e+05,-2.590171556552e+01
6.395746153846e-03,1.265774743320e+05,1.265990609580e+05,-2.158662598391e+01
6.346923664122e-03,1.275921292967e+05,1.275465384745e+05,4.559082219782e+01
6.298840909091e-03,1.284827052794e+05,1.284936135268e+05,-1.090824736866e+01
6.251481203008e-03,1.294514299147e+05,1.294402861147e+05,1.114379998478e+01
6.204828358209e-03,1.303254670681e+05,1.303865562382e+05,-6.108917014275e+01
6.158866666667e-03,1.313681531230e+05,1.313324238975e+05,3.572922550849e+01
6.113580882353e-03,1.322189294918e+05,1.322778890924e+05,-5.895960060539e+01
6.068956204380e-03,1.332845585193e+05,1.332229518230e+05,6.160669634867e+01
6.024978260870e-03,1.341050220474e+05,1.341676120892e+05,-6.259004181414e+01
5.981633093525e-03,1.350995377111e+05,1.351118698911e+05,-1.233217997628e+01
5.938907142857e-03,1.360083128187e+05,1.360557252287e+05,-4.741241002150e+01
5.896787234043e-03,1.370040875257e+05,1.369991781019e+05,4.909423836274e+00
5.855260563380e-03,1.378865475699e+05,1.379422285108e+05,-5.568094094502e+01
5.814314685315e-03,1.388474181005e+05,1.388848764554e+05,-3.745835490027e+01
5.773937500000e-03,1.397934947077e+05,1.398271219356e+05,-3.362722786286e+01
5.734117241379e-03,1.407235039673e+05,1.407689649515e+05,-4.546098421540e+01
5.694842465753e-03,1.417121251503e+05,1.417104055031e+05,1.719647266029e+00
5.656102040816e-03,1.427128552525e+05,1.426514435903e+05,6.141166221327e+01
5.617885135135e-03,1.435335525041e+05,1.435920792132e+05,-5.852670912078e+01
5.580181208054e-03,1.445866699577e+05,1.445323123718e+05,5.435758593140e+01
5.542980000000e-03,1.454232762296e+05,1.454721430660e+05,-4.886683639552e+01
5.506271523179e-03,1.463492749842e+05,1.464115712959e+05,-6.229631170962e+01
5.470046052632e-03,1.473624018714e+05,1.473505970615e+05,1.180480992823e+01
5.434294117647e-03,1.482571253609e+05,1.482892203627e+05,-3.209500177603e+01
5.399006493506e-03,1.492636605547e+05,1.492274411996e+05,3.621935507152e+01
5.364174193548e-03,1.501686158041e+05,1.501652595721e+05,3.356231921294e+00
5.329788461538e-03,1.510613242949e+05,1.511026754804e+05,-4.135118543234e+01
5.295840764331e-03,1.519839357671e+05,1.520396889243e+05,-5.575315719991e+01
5.262322784810e-03,1.529406250564e+05,1.529762999038e+05,-3.567484742354e+01
5.229226415094e-03,1.539550918464e+05,1.539125084190e+05,4.258342737169e+01
5.196543750000e-03,1.548398220523e+05,1.548483144699e+05,-8.492417614179e+00
5.164267080745e-03,1.557311314576e+05,1.557837180565e+05,-5.258659889016e+01
5.132388888889e-03,1.567271551824e+05,1.567187191787e+05,8.436003672890e+00
5.100901840491e-03,1.576762816622e+05,1.576533178366e+05,2.296382558884e+01
5.069798780488e-03,1.586249930981e+05,1.585875140302e+05,3.747906794742e+01
5.039072727273e-03,1.595003842757e+05,1.595213077594e+05,-2.092348372561e+01
5.008716867470e-03,1.604353853186e+05,1.604546990243e+05,-1.931370567603e+01
4.978724550898e-03,1.614075969224e+05,1.613876878248e+05,1.990909756342e+01
4.949089285714e-03,1.622400095586e+05,1.623202741610e+05,-8.026460246192e+01
4.919804733728e-03,1.632054220311e+05,1.632524580329e+05,-4.703600177763e+01
4.890864705882e-03,1.641350473804e+05,1.641842394405e+05,-4.919206011842e+01
4.862263157895e-03,1.651685420962e+05,1.651156183837e+05,5.292371255698e+01
4.833994186047e-03,1.660676381236e+05,1.660465948626e+05,2.104326100397e+01
4.806052023121e-03,1.670589503324e+05,1.669771688771e+05,8.178145524717e+01
4.778431034483e-03,1.679362030722e+05,1.679073404273e+05,2.886264490406e+01
4.751125714286e-03,1.687795196332e+05,1.688371095132e+05,-5.758988005723e+01
4.724130681818e-03,1.696941984446e+05,1.697664761348e+05,-7.227769013238e+01
4.697440677966e-03,1.706749158362e+05,1.706954402920e+05,-2.052445583564e+01
4.671050561798e-03,1.716434101803e+05,1.716240019849e+05,1.940819545087e+01
4.644955307263e-03,1.725458327417e+05,1.725521612134e+05,-6.328471751418e+00
4.619150000000e-03,1.735306204364e+05,1.734799179776e+05,5.070245873200e+01
4.593629834254e-03,1.743323281268e+05,1.744072722775e+05,-7.494415068676e+01
4.568390109890e-03,1.753683529602e+05,1.753342241131e+05,3.412884710764e+01
4.543426229508e-03,1.762844516391e+05,1.762607734843e+05,2.367815481898e+01
4.518733695652e-03,1.771073479076e+05,1.771869203911e+05,-7.957248348920e+01
4.494308108108e-03,1.780949170467e+05,1.781126648337e+05,-1.774778699895e+01
4.470145161290e-03,1.791107112990e+05,1.790380068119e+05,7.270448715184e+01
4.446240641711e-03,1.800453873361e+05,1.799629463258e+05,8.244101037178e+01
4.422590425532e-03,1.808771327879e+05,1.808874833753e+05,-1.035058741565e+01
4.399190476190e-03,1.818931707941e+05,1.818116179605e+05,8.155283354636e+01
4.376036842105e-03,1.827001719227e+05,1.827353500814e+05,-3.517815866132e+01
4.353125654450e-03,1.836336704823e+05,1.836586797379e+05,-2.500925557673e+01
4.330453125000e-03,1.846558394116e+05,1.845816069301e+05,7.423248145476e+01
4.308015544041e-03,1.854959816508e+05,1.855041316580e+05,-8.150007229880e+00
4.285809278351e-03,1.865001575251e+05,1.864262539215e+05,7.390360360456e+01
4.263830769231e-03,1.873919023783e+05,1.873479737207e+05,4.392865751658e+01
4.242076530612e-03,1.882598987320e+05,1.882692910556e+05,-9.392323599546e+00
4.220543147208e-03,1.892556211973e+05,1.891902059262e+05,6.541527111057e+01
4.199227272727e-03,1.901291916881e+05,1.901107183324e+05,1.847335572846e+01
4.178125628141e-03,1.910487219150e+05,1.910308282742e+05,1.789364073426e+01
4.157235000000e-03,1.919894070672e+05,1.919505357518e+05,3.887131541912e+01
4.136552238806e-03,1.929496285713e+05,1.928698407650e+05,7.978780633377e+01
4.116074257426e-03,1.938365177180e+05,1.937887433138e+05,4.777440420724e+01
4.095798029557e-03,1.946777068950e+05,1.947072433984e+05,-2.953650339314e+01
4.075720588235e-03,1.956908516734e+05,1.956253410186e+05,6.551065484708e+01
4.055839024390e-03,1.965111221682e+05,1.965430361744e+05,-3.191400618260e+01
4.036150485437e-03,1.975556712098e+05,1.974603288659e+05,9.534234388068e+01
4.016652173913e-03,1.983929329874e+05,1.983772190931e+05,1.571389425176e+01
3.997341346154e-03,1.993304243200e+05,1.992937068560e+05,3.671746394222e+01
3.978215311005e-03,2.001192770603e+05,2.002097921545e+05,-9.051509420620e+01
3.959271428571e-03,2.011140717707e+05,2.011254749887e+05,-1.140321798401e+01
3.940507109005e-03,2.019481725165e+05,2.020407553586e+05,-9.258284205126e+01
3.921919811321e-03,2.030136334295e+05,2.029556332641e+05,5.800016538423e+01
3.903507042254e-03,2.038463143941e+05,2.038701087053e+05,-2.379431123196e+01
3.885266355140e-03,2.048815009793e+05,2.047841816822e+05,9.731929712184e+01
3.867195348837e-03,2.056574592427e+05,2.056978521947e+05,-4.039295198384e+01
3.849291666667e-03,2.066225640625e+05,2.066111202429e+05,1.144381960871e+01
3.831552995392e-03,2.074564728978e+05,2.075239858267e+05,-6.751292899350e+01
3.813977064220e-03,2.083984717472e+05,2.084364489463e+05,-3.797719906515e+01
3.796561643836e-03,2.092521732234e+05,2.093485096015e+05,-9.633637809867e+01
3.779304545455e-03,2.102189331561e+05,2.102601677923e+05,-4.123463619154e+01
3.762203619910e-03,2.111194561122e+05,2.111714235188e+05,-5.196740660493e+01
3.745256756757e-03,2.120142381463e+05,2.120822767810e+05,-6.803863468580e+01
3.728461883408e-03,2.130707197067e+05,2.129927275789e+05,7.799212779672e+01
3.711816964286e-03,2.138534815383e+05,2.139027759124e+05,-4.929437412272e+01
3.695320000000e-03,2.148067655707e+05,2.148124217816e+05,-5.656210913847e+00
3.678969026549e-03,2.158136791167e+05,2.157216651864e+05,9.201393025354e+01
3.662762114537e-03,2.167176494389e+05,2.166305061270e+05,8.714331195340e+01
3.646697368421e-03,2.174735985489e+05,2.175389446031e+05,-6.534605428061e+01
3.630772925764e-03,2.184661012788e+05,2.184469806150e+05,1.912066380063e+01
3.614986956522e-03,2.192853421234e+05,2.193546141625e+05,-6.927203908600e+01
3.599337662338e-03,2.202123521179e+05,2.202618452457e+05,-4.949312775006e+01
3.583823275862e-03,2.212800950304e+05,2.211686738645e+05,1.114211658971e+02
3.568442060086e-03,2.220951507286e+05,2.220751000191e+05,2.005070950722e+01
3.553192307692e-03,2.230255247975e+05,2.229811237092e+05,4.440108829900e+01
3.538072340426e-03,2.238105094420e+05,2.238867449351e+05,-7.623549305648e+01
3.523080508475e-03,2.246879806342e+05,2.247919636966e+05,-1.039830623715e+02
3.508215189873e-03,2.256537240025e+05,2.256967799938e+05,-4.305599124794e+01
3.493474789916e-03,2.266720808021e+05,2.266011938266e+05,7.088697547265e+01
3.478857740586e-03,2.276052025964e+05,2.275052051951e+05,9.999740124057e+01
3.464362500000e-03,2.283232182716e+05,2.284088140993e+05,-8.559582773180e+01
3.449987551867e-03,2.292727947450e+05,2.293120205392e+05,-3.922579413353e+01
3.435731404959e-03,2.301390217781e+05,2.302148245147e+05,-7.580273655429e+01
3.421592592593e-03,2.312216345189e+05,2.311172260258e+05,1.044084930345e+02
3.407569672131e-03,2.320997188147e+05,2.320192250727e+05,8.049374200485e+01
3.393661224490e-03,2.328223981690e+05,2.329208216552e+05,-9.842348621009e+01
3.379865853659e-03,2.337760655763e+05,2.338220157734e+05,-4.595019708734e+01
3.366182186235e-03,2.346660445586e+05,2.347228074272e+05,-5.676286863262e+01
3.352608870968e-03,2.355636292033e+05,2.356231966167e+05,-5.956741339323e+01
3.339144578313e-03,2.366034033926e+05,2.365231833419e+05,8.022005073121e+01
3.325788000000e-03,2.373760347814e+05,2.374227676027e+05,-4.673282136710e+01
3.312537848606e-03,2.382134778802e+05,2.383219493992e+05,-1.084715190415e+02
3.299392857143e-03,2.393285355106e+05,2.392207287314e+05,1.078067791569e+02
3.286351778656e-03,2.400026100125e+05,2.401191055992e+05,-1.164955867239e+02
3.273413385827e-03,2.409980051547e+05,2.410170800027e+05,-1.907484803209e+01
3.260576470588e-03,2.420300481489e+05,2.419146519419e+05,1.153962069924e+02
3.247839843750e-03,2.428132598170e+05,2.428118214167e+05,1.438400260056e+00
3.235202334630e-03,2.436222084272e+05,2.437085884272e+05,-8.638000006802e+01
3.222662790698e-03,2.446172600120e+05,2.446049529734e+05,1.230703855545e+01
3.210220077220e-03,2.456125589227e+05,2.455009150552e+05,1.116438674667e+02
3.197873076923e-03,2.462958907546e+05,2.463964746727e+05,-1.005839181397e+02
3.185620689655e-03,2.472950153653e+05,2.472916318259e+05,3.383539396513e+00
3.173461832061e-03,2.481606533758e+05,2.481863865147e+05,-2.573313896576e+01
3.161395437262e-03,2.490838886594e+05,2.490807387392e+05,3.149920201657e+00
3.149420454545e-03,2.500377162430e+05,2.499746884994e+05,6.302774360750e+01
3.137535849057e-03,2.507783235333e+05,2.508682357952e+05,-8.991226190623e+01
3.125740601504e-03,2.518603344734e+05,2.517613806267e+05,9.895384670119e+01
3.114033707865e-03,2.526548559010e+05,2.526541229939e+05,7.329071363492e-01
3.102414179104e-03,2.536180939588e+05,2.535464628967e+05,7.163106207736e+01
3.090881040892e-03,2.544232983115e+05,2.544384003352e+05,-1.510202373919e+01
3.079433333333e-03,2.554241556238e+05,2.553299353094e+05,9.422031443854e+01
3.068070110701e-03,2.561245027643e+05,2.562210678192e+05,-9.656505491122e+01
3.056790441176e-03,2.570922896742e+05,2.571117978647e+05,-1.950819052491e+01
3.045593406593e-03,2.581262299669e+05,2.580021254459e+05,1.241045210239e+02
3.034478102190e-03,2.588457350689e+05,2.588920505627e+05,-4.631549376796e+01
3.023443636364e-03,2.596962633113e+05,2.597815732152e+05,-8.530990388320e+01
3.012489130435e-03,2.606969095713e+05,2.606706934033e+05,2.621616800749e+01
3.001613718412e-03,2.615765341723e+05,2.615594111271e+05,1.712304513578e+01
2.990816546763e-03,2.625356279634e+05,2.624477263866e+05,8.790157673007e+01
2.980096774194e-03,2.634604218174e+05,2.633356391818e+05,1.247826356402e+02
2.969453571429e-03,2.640933063907e+05,2.642231495126e+05,-1.298431219181e+02
2.958886120996e-03,2.651697889368e+05,2.651102573791e+05,5.953155766375e+01
2.948393617021e-03,2.660708602287e+05,2.659969627813e+05,7.389744748193e+01
2.937975265018e-03,2.667829344128e+05,2.668832657191e+05,-1.003313063115e+02
2.927630281690e-03,2.678167429771e+05,2.677691661926e+05,4.757678452379e+01
2.917357894737e-03,2.685235324192e+05,2.686546642017e+05,-1.311317825417e+02
2.907157342657e-03,2.695027481531e+05,2.695397597465e+05,-3.701159342338e+01
2.897027874564e-03,2.703228647831e+05,2.704244528270e+05,-1.015880439468e+02
2.886968750000e-03,2.712072953389e+05,2.713087434432e+05,-1.014481042246e+02
2.876979238754e-03,2.720645440668e+05,2.721926315950e+05,-1.280875282170e+02
2.867058620690e-03,2.731617601009e+05,2.730761172825e+05,8.564281843102e+01
2.857206185567e-03,2.739314311375e+05,2.739592005056e+05,-2.776936814334e+01
2.847421232877e-03,2.747533264275e+05,2.748418812644e+05,-8.855483692762e+01
2.837703071672e-03,2.757803510375e+05,2.757241595589e+05,5.619147862884e+01
2.828051020408e-03,2.767258599937e+05,2.766060353890e+05,1.198246046579e+02
2.818464406780e-03,2.775714043865e+05,2.774875087549e+05,8.389563169074e+01
2.808942567568e-03,2.782885184827e+05,2.783685796563e+05,-8.006117366435e+01
2.799484848485e-03,2.793473924413e+05,2.792492480935e+05,9.814434783900e+01
2.790090604027e-03,2.801917678375e+05,2.801295140663e+05,6.225377118576e+01
2.780759197324e-03,2.809391637475e+05,2.810093775748e+05,-7.021382731083e+01
2.771490000000e-03,2.819613879795e+05,2.818888386189e+05,7.254936056875e+01
2.762282392027e-03,2.828314327252e+05,2.827678971987e+05,6.353552646813e+01
2.753135761589e-03,2.837524112855e+05,2.836465533142e+05,1.058579712727e+02
2.744049504950e-03,2.846485300419e+05,2.845248069653e+05,1.237230765165e+02
2.735023026316e-03,2.854285043688e+05,2.854026581521e+05,2.584621670592e+01
2.726055737705e-03,2.864088013082e+05,2.862801068746e+05,1.286944335669e+02
2.717147058824e-03,2.870336891440e+05,2.871571531328e+05,-1.234639888025e+02
2.708296416938e-03,2.879678957879e+05,2.880337969266e+05,-6.590113867004e+01
2.699503246753e-03,2.888286592011e+05,2.889100382560e+05,-8.137905497511e+01
2.690766990291e-03,2.897324521137e+05,2.897858771212e+05,-5.342500746017e+01
2.682087096774e-03,2.906721166644e+05,2.906613135220e+05,1.080314242106e+01
2.673463022508e-03,2.916670720917e+05,2.915363474584e+05,1.307246332979e+02
2.664894230769e-03,2.924594255153e+05,2.924109789306e+05,4.844658473885e+01
2.656380191693e-03,2.933174178812e+05,2.932852079384e+05,3.220994283794e+01
2.647920382166e-03,2.942727334721e+05,2.941590344818e+05,1.136989902296e+02
2.639514285714e-03,2.949393373592e+05,2.950324585610e+05,-9.312120174349e+01
2.631161392405e-03,2.957824828985e+05,2.959054801758e+05,-1.229972772844e+02
2.622861198738e-03,2.969007826023e+05,2.967780993262e+05,1.226832760627e+02
2.614613207547e-03,2.975384986660e+05,2.976503160124e+05,-1.118173463695e+02
2.606416927900e-03,2.985443808520e+05,2.985221302342e+05,2.225061786943e+01
2.598271875000e-03,2.994246232457e+05,2.993935419916e+05,3.108125404752e+01
2.590177570093e-03,3.001253960866e+05,3.002645512848e+05,-1.391551981808e+02
2.582133540373e-03,3.009928986736e+05,3.011351581136e+05,-1.422594399548e+02
2.574139318885e-03,3.021087529203e+05,3.020053624780e+05,1.033904422628e+02
2.566194444444e-03,3.029114074060e+05,3.028751643782e+05,3.624302780034e+01
2.558298461538e-03,3.036198217616e+05,3.037445638140e+05,-1.247420523153e+02
2.550450920245e-03,3.047383286165e+05,3.046135607854e+05,1.247678311141e+02
2.542651376147e-03,3.055789513165e+05,3.054821552925e+05,9.679602400097e+01
2.534899390244e-03,3.062319488600e+05,3.063503473353e+05,-1.183984753886e+02
2.527194528875e-03,3.073716505810e+05,3.072181369138e+05,1.535136671865e+02
2.519536363636e-03,3.081247120593e+05,3.080855240279e+05,3.918803134374e+01
2.511924471299e-03,3.088550328272e+05,3.089525086777e+05,-9.747585048777e+01
2.504358433735e-03,3.099493207302e+05,3.098190908632e+05,1.302298670353e+02
2.496837837838e-03,3.108049253478e+05,3.106852705843e+05,1.196547635099e+02
2.489362275449e-03,3.114045033091e+05,3.115510478411e+05,-1.465445319662e+02
2.481931343284e-03,3.122686706483e+05,3.124164226335e+05,-1.477519852630e+02
2.474544642857e-03,3.132320124024e+05,3.132813949617e+05,-4.938255930290e+01
2.467201780415e-03,3.141895995270e+05,3.141459648255e+05,4.363470153551e+01
2.459902366864e-03,3.148806740133e+05,3.150101322249e+05,-1.294582115829e+02
2.452646017699e-03,3.159922129651e+05,3.158738971600e+05,1.183158050308e+02
2.445432352941e-03,3.167205220243e+05,3.167372596308e+05,-1.673760647333e+01
2.438260997067e-03,3.177194013492e+05,3.176002196373e+05,1.191817119161e+02
2.431131578947e-03,3.185719997982e+05,3.184627771794e+05,1.092226188108e+02
2.424043731778e-03,3.192408787490e+05,3.193249322572e+05,-8.405350818025e+01
2.416997093023e-03,3.201178697652e+05,3.201866848706e+05,-6.881510545278e+01
2.409991304348e-03,3.210706612131e+05,3.210480350197e+05,2.262619334256e+01
2.403026011561e-03,3.219680485434e+05,3.219089827045e+05,5.906583884096e+01
2.396100864553e-03,3.226670779439e+05,3.227695279250e+05,-1.024499810769e+02
2.389215517241e-03,3.235569527501e+05,3.236296706811e+05,-7.271793099714e+01
2.382369627507e-03,3.245568871713e+05,3.244894109729e+05,6.747619846743e+01
2.375562857143e-03,3.252965014716e+05,3.253487488003e+05,-5.224732873682e+01
2.368794871795e-03,3.262619360254e+05,3.262076841634e+05,5.425186200743e+01
2.362065340909e-03,3.271468596041e+05,3.270662170622e+05,8.064254187042e+01
2.355373937677e-03,3.280801001683e+05,3.279243474966e+05,1.557526716657e+02
2.348720338983e-03,3.288763764423e+05,3.287820754668e+05,9.430097553576e+01
2.342104225352e-03,3.297222915133e+05,3.296394009725e+05,8.289054076810e+01
2.335525280899e-03,3.305186972170e+05,3.304963240140e+05,2.237320301333e+01
2.328983193277e-03,3.312187802751e+05,3.313528445911e+05,-1.340643159789e+02
2.322477653631e-03,3.323767191046e+05,3.322089627039e+05,1.677564007599e+02
2.316008356546e-03,3.332252511292e+05,3.330646783523e+05,1.605727769076e+02
2.309575000000e-03,3.339257244957e+05,3.339199915364e+05,5.732959292829e+00
2.303177285319e-03,3.349349363415e+05,3.347749022562e+05,1.600340853109e+02
2.296814917127e-03,3.357423141157e+05,3.356294105116e+05,1.129036040886e+02
2.290487603306e-03,3.365479124025e+05,3.364835163027e+05,6.439609975903e+01
2.284195054945e-03,3.373311458855e+05,3.373372196295e+05,-6.073744005815e+00
2.277936986301e-03,3.382124193182e+05,3.381905204919e+05,2.189882623224e+01
2.271713114754e-03,3.389833901152e+05,3.390434188900e+05,-6.002877488697e+01
2.265523160763e-03,3.400006254047e+05,3.398959148238e+05,1.047105809269e+02
2.259366847826e-03,3.408691858023e+05,3.407480082933e+05,1.211775090732e+02
2.253243902439e-03,3.416710331386e+05,3.415996992984e+05,7.133384023752e+01
2.247154054054e-03,3.422885390071e+05,3.424509878391e+05,-1.624488320752e+02
2.241097035040e-03,3.432854561109e+05,3.433018739156e+05,-1.641780464258e+01
2.235072580645e-03,3.439997304819e+05,3.441523575277e+05,-1.526270457465e+02
2.229080428954e-03,3.449793484539e+05,3.450024386754e+05,-2.309022156388e+01
2.223120320856e-03,3.458564509996e+05,3.458521173589e+05,4.333640738914e+00
2.217192000000e-03,3.467049069994e+05,3.467013935780e+05,3.513421418436e+00
2.211295212766e-03,3.476672679310e+05,3.475502673327e+05,1.170005982816e+02
2.205429708223e-03,3.485334580604e+05,3.483987386232e+05,1.347194372467e+02
2.199595238095e-03,3.493709203905e+05,3.492468074493e+05,1.241129412868e+02
2.193791556728e-03,3.501182040490e+05,3.500944738110e+05,2.373023798165e+01
2.188018421053e-03,3.508933142239e+05,3.509417377084e+05,-4.842348450189e+01
2.182275590551e-03,3.516507662612e+05,3.517885991415e+05,-1.378328803013e+02
2.176562827225e-03,3.527168369673e+05,3.526350581103e+05,8.177885695087e+01
2.170879895561e-03,3.534834271894e+05,3.534811146147e+05,2.312574639509e+00
2.165226562500e-03,3.544931955894e+05,3.543267686548e+05,1.664269346002e+02
2.159602597403e-03,3.550460056463e+05,3.551720202306e+05,-1.260145843233e+02
2.154007772021e-03,3.561888870012e+05,3.560168693420e+05,1.720176591748e+02
2.148441860465e-03,3.567881457736e+05,3.568613159891e+05,-7.317021545948e+01
2.142904639175e-03,3.577256957983e+05,3.577053601719e+05,2.033562642109e+01
2.137395886889e-03,3.586962901755e+05,3.585490018903e+05,1.472882852324e+02
2.131915384615e-03,3.594939700323e+05,3.593922411444e+05,1.017288879612e+02
2.126462915601e-03,3.601122653328e+05,3.602350779341e+05,-1.228126013631e+02
2.121038265306e-03,3.611805371681e+05,3.610775122596e+05,1.030249085684e+02
2.115641221374e-03,3.620432496750e+05,3.619195441206e+05,1.237055543407e+02
2.110271573604e-03,3.626016662687e+05,3.627611735174e+05,-1.595072486628e+02
2.104929113924e-03,3.636756932463e+05,3.636024004498e+05,7.329279647541e+01
2.099613636364e-03,3.644470098550e+05,3.644432249179e+05,3.784937080112e+00
2.094324937028e-03,3.652605023549e+05,3.652836469217e+05,-2.314456679020e+01
2.089062814070e-03,3.659645103616e+05,3.661236664611e+05,-1.591560994838e+02
2.083827067669e-03,3.668849694446e+05,3.669632835362e+05,-7.831409159320e+01
2.078617500000e-03,3.676896680142e+05,3.678024981469e+05,-1.128301326931e+02
2.073433915212e-03,3.688075896807e+05,3.686413102933e+05,1.662793873276e+02
2.068276119403e-03,3.693006321465e+05,3.694797199754e+05,-1.790878288852e+02
2.063143920596e-03,3.703897929550e+05,3.703177271932e+05,7.206576179195e+01
2.058037128713e-03,3.711446775161e+05,3.711553319466e+05,-1.065443044528e+01
2.052955555556e-03,3.721083465860e+05,3.719925342357e+05,1.158123503819e+02
2.047899014778e-03,3.729903025852e+05,3.728293340604e+05,1.609685247865e+02
2.042867321867e-03,3.737994428419e+05,3.736657314208e+05,1.337114211052e+02
2.037860294118e-03,3.746471763186e+05,3.745017263169e+05,1.454500016909e+02
2.032877750611e-03,3.754592445610e+05,3.753373187487e+05,1.219258123250e+02
2.027919512195e-03,3.761671458462e+05,3.761725087161e+05,-5.362869848905e+00
2.022985401460e-03,3.769996762649e+05,3.770072962191e+05,-7.619954293536e+00
2.018075242718e-03,3.778025961678e+05,3.778416812579e+05,-3.908509013761e+01
2.013188861985e-03,3.785141248429e+05,3.786756638323e+05,-1.615389893710e+02
2.008326086957e-03,3.794234917592e+05,3.795092439424e+05,-8.575218319340e+01
2.003486746988e-03,3.805343258709e+05,3.803424215881e+05,1.919042827611e+02
1.998670673077e-03,3.813628106751e+05,3.811751967695e+05,1.876139056202e+02
1.993877697842e-03,3.819124872431e+05,3.820075694866e+05,-9.508224352944e+01
1.989107655502e-03,3.827593240675e+05,3.828395397393e+05,-8.021567186323e+01
1.984360381862e-03,3.837396836076e+05,3.836711075277e+05,6.857607987541e+01
1.979635714286e-03,3.844440225825e+05,3.845022728518e+05,-5.825026929041e+01
1.974933491686e-03,3.854015632749e+05,3.853330357116e+05,6.852756329114e+01
1.970253554502e-03,3.862223596512e+05,3.861633961070e+05,5.896354427317e+01
1.965595744681e-03,3.869827633974e+05,3.869933540380e+05,-1.059064059029e+01
1.960959905660e-03,3.878621541998e+05,3.878229095048e+05,3.924469499697e+01
1.956345882353e-03,3.886297528750e+05,3.886520625072e+05,-2.230963222205e+01
1.951753521127e-03,3.896133222285e+05,3.894808130452e+05,1.325091832374e+02
1.947182669789e-03,3.902209286283e+05,3.903091611190e+05,-8.823249069840e+01
1.942633177570e-03,3.911662757672e+05,3.911371067284e+05,2.916903884773e+01
1.938104895105e-03,3.920731074292e+05,3.919646498735e+05,1.084575557175e+02
1.933597674419e-03,3.929300015719e+05,3.927917905542e+05,1.382110177419e+02
1.929111368910e-03,3.934813260022e+05,3.936185287706e+05,-1.372027684356e+02
1.924645833333e-03,3.944678471953e+05,3.944448645227e+05,2.298267261125e+01
1.920200923788e-03,3.952571696116e+05,3.952707978104e+05,-1.362819874712e+01
1.915776497696e-03,3.959875388308e+05,3.960963286338e+05,-1.087898029990e+02
1.911372413793e-03,3.967956578141e+05,3.969214569928e+05,-1.257991787703e+02
1.906988532110e-03,3.976504428145e+05,3.977461828876e+05,-9.574007303541e+01
1.902624713959e-03,3.986710466649e+05,3.985705063180e+05,1.005403469445e+02
1.898280821918e-03,3.993572675202e+05,3.993944272840e+05,-3.715976381872e+01
1.893956719818e-03,4.003679591478e+05,4.002179457858e+05,1.500133620448e+02
1.889652272727e-03,4.008923471418e+05,4.010410618232e+05,-1.487146813719e+02
1.885367346939e-03,4.020388877068e+05,4.018637753962e+05,1.751123105498e+02
1.881101809955e-03,4.025739264680e+05,4.026860865049e+05,-1.121600369342e+02
1.876855530474e-03,4.035519970028e+05,4.035079951493e+05,4.400185348699e+01
1.872628378378e-03,4.044418916582e+05,4.043295013294e+05,1.123903288114e+02
1.868420224719e-03,4.052260268252e+05,4.051506050451e+05,7.542178005778e+01
1.864230941704e-03,4.059718583577e+05,4.059713062965e+05,5.520612125401e-01
1.860060402685e-03,4.068877741391e+05,4.067916050836e+05,9.616905548569e+01
1.855908482143e-03,4.077347297339e+05,4.076115014063e+05,1.232283275676e+02
1.851775055679e-03,4.086181836620e+05,4.084309952647e+05,1.871883972991e+02
1.847660000000e-03,4.092110428654e+05,4.092500866587e+05,-3.904379337584e+01
1.843563192905e-03,4.100010461031e+05,4.100687755885e+05,-6.772948536085e+01
1.839484513274e-03,4.109728558419e+05,4.108870620538e+05,8.579378800356e+01
1.835423841060e-03,4.118511192873e+05,4.117049460549e+05,1.461732324174e+02
1.831381057269e-03,4.123941007745e+05,4.125224275916e+05,-1.283268171625e+02
1.827356043956e-03,4.134713500604e+05,4.133395066640e+05,1.318433963483e+02
1.823348684211e-03,4.139754998970e+05,4.141561832721e+05,-1.806833750822e+02
1.819358862144e-03,4.150174522871e+05,4.149724574158e+05,4.499487135088e+01
1.815386462882e-03,4.156393929174e+05,4.157883290952e+05,-1.489361777175e+02
1.811431372549e-03,4.164555105562e+05,4.166037983102e+05,-1.482877539946e+02
1.807493478261e-03,4.172561578832e+05,4.174188650609e+05,-1.627071777089e+02
1.803572668113e-03,4.181869081330e+05,4.182335293473e+05,-4.662121432810e+01
1.799668831169e-03,4.189868755090e+05,4.190477911694e+05,-6.091566037928e+01
1.795781857451e-03,4.197582349516e+05,4.198616505271e+05,-1.034155754865e+02
1.791911637931e-03,4.204969451097e+05,4.206751074205e+05,-1.781623107744e+02
1.788058064516e-03,4.213002161232e+05,4.214881618495e+05,-1.879457263061e+02
1.784221030043e-03,4.222132819389e+05,4.223008138142e+05,-8.753187536384e+01
1.780400428266e-03,4.229255996918e+05,4.231130633146e+05,-1.874636228181e+02
1.776596153846e-03,4.238045719423e+05,4.239249103506e+05,-1.203384083190e+02
1.772808102345e-03,4.246784707329e+05,4.247363549224e+05,-5.788418943557e+01
1.769036170213e-03,4.256018349819e+05,4.255473970297e+05,5.443795218819e+01
1.765280254777e-03,4.265402064480e+05,4.263580366728e+05,1.821697752741e+02
1.761540254237e-03,4.269861532442e+05,4.271682738515e+05,-1.821206073030e+02
1.757816067653e-03,4.280194182622e+05,4.279781085659e+05,4.130969631171e+01
1.754107594937e-03,4.288438412835e+05,4.287875408159e+05,5.630046760186e+01
1.750414736842e-03,4.296512848807e+05,4.295965706016e+05,5.471427912090e+01
1.746737394958e-03,4.302404893041e+05,4.304051979230e+05,-1.647086189136e+02
1.743075471698e-03,4.312612813876e+05,4.312134227800e+05,4.785860753554e+01
1.739428870293e-03,4.320975998531e+05,4.320212451727e+05,7.635468040896e+01
1.735797494781e-03,4.327492503359e+05,4.328286651011e+05,-7.941476523742e+01
1.732181250000e-03,4.337234872634e+05,4.336356825651e+05,8.780469828920e+01
1.728580041580e-03,4.342848209072e+05,4.344422975648e+05,-1.574766575943e+02
1.724993775934e-03,4.353658365455e+05,4.352485101002e+05,1.173264452498e+02
1.721422360248e-03,4.361996267886e+05,4.360543201712e+05,1.453066173801e+02
1.717865702479e-03,4.369684108342e+05,4.368597277779e+05,1.086830562402e+02
1.714323711340e-03,4.374704650196e+05,4.376647329203e+05,-1.942679007578e+02
1.710796296296e-03,4.385266994159e+05,4.384693355984e+05,5.736381759163e+01
1.707283367556e-03,4.393524741397e+05,4.392735358121e+05,7.893832766451e+01
1.703784836066e-03,4.400462726805e+05,4.400773335614e+05,-3.106088096544e+01
1.700300613497e-03,4.410531168130e+05,4.408807288465e+05,1.723879665799e+02
1.696830612245e-03,4.415896189760e+05,4.416837216672e+05,-9.410269114398e+01
1.693374745418e-03,4.426108208948e+05,4.424863120235e+05,1.245088712696e+02
1.689932926829e-03,4.434101383355e+05,4.432884999155e+05,1.216384199368e+02
1.686505070994e-03,4.441881639456e+05,4.440902853432e+05,9.787860239600e+01
1.683091093117e-03,4.450054635728e+05,4.448916683066e+05,1.137952661672e+02
1.679690909091e-03,4.455594040382e+05,4.456926488056e+05,-1.332447674362e+02
1.676304435484e-03,4.466856937156e+05,4.464932268403e+05,1.924668752470e+02
1.672931589537e-03,4.472243716237e+05,4.472934024107e+05,-6.903078698029e+01
1.669572289157e-03,4.479031507560e+05,4.480931755167e+05,-1.900247607283e+02
1.666226452906e-03,4.488446170880e+05,4.488925461584e+05,-4.792907042621e+01
1.662894000000e-03,4.497232627816e+05,4.496915143358e+05,3.174844582233e+01
1.659574850299e-03,4.505136558652e+05,4.504900800488e+05,2.357581636222e+01
1.656268924303e-03,4.512090565339e+05,4.512882432975e+05,-7.918676360318e+01
1.652976143141e-03,4.521137755965e+05,4.520860040819e+05,2.777151465270e+01
1.649696428571e-03,4.530290376830e+05,4.528833624019e+05,1.456752811007e+02
1.646429702970e-03,4.537651551897e+05,4.536803182576e+05,8.483693208476e+01
1.643175889328e-03,4.544700371585e+05,4.544768716489e+05,-6.834490419074e+00
1.639934911243e-03,4.554588339189e+05,4.552730225759e+05,1.858113429295e+02
1.636706692913e-03,4.561064064467e+05,4.560687710386e+05,3.763540810189e+01
1.633491159136e-03,4.568486959253e+05,4.568641170370e+05,-1.542111168063e+01
1.630288235294e-03,4.575828771374e+05,4.576590605710e+05,-7.618343357468e+01
1.627097847358e-03,4.584648455395e+05,4.584536016407e+05,1.124389880063e+01
1.623919921875e-03,4.593254455308e+05,4.592477402460e+05,7.770528475009e+01
1.620754385965e-03,4.599715970400e+05,4.600414763871e+05,-6.987934702635e+01
1.617601167315e-03,4.609472152068e+05,4.608348100638e+05,1.124051430065e+02
1.614460194175e-03,4.614264451360e+05,4.616277412761e+05,-2.012961401041e+02
1.611331395349e-03,4.622595239720e+05,4.624202700241e+05,-1.607460520953e+02
1.608214700193e-03,4.632018443999e+05,4.632123963078e+05,-1.055190791620e+01
1.605110038610e-03,4.638301889352e+05,4.640041201272e+05,-1.739311919172e+02
1.602017341040e-03,4.648078996983e+05,4.647954414822e+05,1.245821616228e+01
1.598936538462e-03,4.655480224248e+05,4.655863603729e+05,-3.833794803516e+01
1.595867562380e-03,4.665273371815e+05,4.663768767992e+05,1.504603822563e+02
1.592810344828e-03,4.673196711938e+05,4.671669907612e+05,1.526804326192e+02
1.589764818356e-03,4.680219415340e+05,4.679567022589e+05,6.523927511933e+01
1.586730916031e-03,4.688791121239e+05,4.687460112922e+05,1.331008317074e+02
1.583708571429e-03,4.695673716914e+05,4.695349178612e+05,3.245383014140e+01
1.580697718631e-03,4.704837616989e+05,4.703234219659e+05,1.603397330140e+02
1.577698292220e-03,4.712004469735e+05,4.711115236063e+05,8.892336720455e+01
1.574710227273e-03,4.719578566732e+05,4.718992227823e+05,5.863389094413e+01
1.571733459357e-03,4.729254336609e+05,4.726865194940e+05,2.389141668986e+02
1.568767924528e-03,4.733081848513e+05,4.734734137413e+05,-1.652288899827e+02
1.565813559322e-03,4.740306766829e+05,4.742599055243e+05,-2.292288413867e+02
1.562870300752e-03,4.749528622791e+05,4.750459948430e+05,-9.313256387517e+01
1.559938086304e-03,4.760208218944e+05,4.758316816973e+05,1.891401971162e+02
1.557016853933e-03,4.764702454686e+05,4.766169660873e+05,-1.467206187747e+02
1.554106542056e-03,4.775077191200e+05,4.774018480130e+05,1.058711070344e+02
1.551207089552e-03,4.779840968665e+05,4.781863274743e+05,-2.022306078768e+02
1.548318435754e-03,4.789861197073e+05,4.789704044713e+05,1.571523596888e+01
1.545440520446e-03,4.799073725710e+05,4.797540790040e+05,1.532935669418e+02
1.542573283859e-03,4.806563333187e+05,4.805373510724e+05,1.189822463022e+02
1.539716666667e-03,4.813195057008e+05,4.813202206764e+05,-7.149755355786e-01
1.536870609982e-03,4.822076181100e+05,4.821026878160e+05,1.049302939314e+02
1.534035055351e-03,4.828628489184e+05,4.828847524914e+05,-2.190357291611e+01
1.531209944751e-03,4.834771405111e+05,4.836664147024e+05,-1.892741913089e+02
1.528395220588e-03,4.845309525395e+05,4.844476744490e+05,8.327809043619e+01
1.525590825688e-03,4.850349042786e+05,4.852285317314e+05,-1.936274527316e+02
1.522796703297e-03,4.862119804956e+05,4.860089865494e+05,2.029939462306e+02
1.520012797075e-03,4.865645825936e+05,4.867890389030e+05,-2.244563093875e+02
1.517239051095e-03,4.875936930388e+05,4.875686887924e+05,2.500424642168e+01
1.514475409836e-03,4.885127617165e+05,4.883479362174e+05,1.648254991331e+02
1.511721818182e-03,4.890287894014e+05,4.891267811780e+05,-9.799177663872e+01
1.508978221416e-03,4.899262258144e+05,4.899052236744e+05,2.100214005029e+01
1.506244565217e-03,4.907637864267e+05,4.906832637064e+05,8.052272034594e+01
1.503520795660e-03,4.912882011409e+05,4.914609012740e+05,-1.727001330658e+02
1.500806859206e-03,4.920832211242e+05,4.922381363773e+05,-1.549152531702e+02
1.498102702703e-03,4.928111888372e+05,4.930149690163e+05,-2.037801791096e+02
1.495408273381e-03,4.935642638152e+05,4.937913991910e+05,-2.271353757757e+02
1.492723518851e-03,4.947318063637e+05,4.945674269013e+05,1.643794623937e+02
1.490048387097e-03,4.954656907842e+05,4.953430521473e+05,1.226386368829e+02
1.487382826476e-03,4.961870855874e+05,4.961182749290e+05,6.881065842946e+01
1.484726785714e-03,4.971081425343e+05,4.968930952463e+05,2.150472879807e+02
1.482080213904e-03,4.977958507452e+05,4.976675130993e+05,1.283376458936e+02
1.479443060498e-03,4.985018250623e+05,4.984415284879e+05,6.029657435126e+01
1.476815275311e-03,4.990620006100e+05,4.992151414123e+05,-1.531408023082e+02
1.474196808511e-03,4.998967343630e+05,4.999883518723e+05,-9.161750930944e+01
1.471587610619e-03,5.006003777227e+05,5.007611598679e+05,-1.607821452319e+02
1.468987632509e-03,5.015735809576e+05,5.015335653992e+05,4.001555835019e+01
1.466396825397e-03,5.024828426731e+05,5.023055684662e+05,1.772742068712e+02
1.463815140845e-03,5.031949030799e+05,5.030771690689e+05,1.177340109920e+02
1.461242530756e-03,5.036558745196e+05,5.038483672072e+05,-1.924926875561e+02
1.458678947368e-03,5.044855636118e+05,5.046191628812e+05,-1.335992694336e+02
1.456124343257e-03,5.051986456685e+05,5.053895560908e+05,-1.909104223130e+02
1.453578671329e-03,5.064134232004e+05,5.061595468362e+05,2.538763642395e+02
1.451041884817e-03,5.068992694862e+05,5.069291351171e+05,-2.986563096929e+01
1.448513937282e-03,5.075173839602e+05,5.076983209338e+05,-1.809369736302e+02
1.445994782609e-03,5.087094721249e+05,5.084671042861e+05,2.423678388060e+02
1.443484375000e-03,5.094134825402e+05,5.092354851741e+05,1.779973661244e+02
1.440982668977e-03,5.099879574047e+05,5.100034635977e+05,-1.550619306992e+01
1.438489619377e-03,5.108167021785e+05,5.107710395571e+05,4.566262144869e+01
1.436005181347e-03,5.113910188103e+05,5.115382130520e+05,-1.471942417740e+02
1.433529310345e-03,5.123288292555e+05,5.123049840827e+05,2.384517284815e+01
1.431061962134e-03,5.130437123038e+05,5.130713526490e+05,-2.764034518262e+01
1.428603092784e-03,5.140926454520e+05,5.138373187510e+05,2.553267010695e+02
1.426152658662e-03,5.144199737037e+05,5.146028823886e+05,-1.829086849048e+02
1.423710616438e-03,5.154768309399e+05,5.153680435619e+05,1.087873779593e+02
1.421276923077e-03,5.160565965511e+05,5.161328022709e+05,-7.620571982389e+01
1.418851535836e-03,5.169325160736e+05,5.168971585155e+05,3.535755803372e+01
1.416434412266e-03,5.175861260219e+05,5.176611122959e+05,-7.498627392057e+01
1.414025510204e-03,5.182727721705e+05,5.184246636118e+05,-1.518914413430e+02
1.411624787776e-03,5.193456324571e+05,5.191878124635e+05,1.578199935946e+02
1.409232203390e-03,5.197614125346e+05,5.199505588508e+05,-1.891463162216e+02
1.406847715736e-03,5.208535490116e+05,5.207129027738e+05,1.406462378560e+02
1.404471283784e-03,5.214500674204e+05,5.214748442324e+05,-2.477681199566e+01
1.402102866779e-03,5.223059288849e+05,5.222363832267e+05,6.954565818590e+01
1.399742424242e-03,5.229663325266e+05,5.229975197567e+05,-3.118723009853e+01
1.397389915966e-03,5.237457125080e+05,5.237582538223e+05,-1.254131431988e+01
1.395045302013e-03,5.243803173644e+05,5.245185854236e+05,-1.382680592559e+02
1.392708542714e-03,5.252791239902e+05,5.252785145606e+05,6.094296657247e-01
1.390379598662e-03,5.261311361248e+05,5.260380412332e+05,9.309489156166e+01
1.388058430718e-03,5.266514301749e+05,5.267971654415e+05,-1.457352666564e+02
1.385745000000e-03,5.274305785864e+05,5.275558871855e+05,-1.253085991167e+02
1.383439267887e-03,5.281657131531e+05,5.283142064651e+05,-1.484933120045e+02
1.381141196013e-03,5.293101911833e+05,5.290721232804e+05,2.380679029108e+02
1.378850746269e-03,5.299613890696e+05,5.298296376314e+05,1.317514381679e+02
1.376567880795e-03,5.305964463975e+05,5.305867495180e+05,9.696879452560e+00
1.374292561983e-03,5.313231960315e+05,5.313434589403e+05,-2.026290879387e+01
1.372024752475e-03,5.322724451920e+05,5.320997658983e+05,1.726792937594e+02
1.369764415157e-03,5.329114469543e+05,5.328556703919e+05,5.577656242449e+01
1.367511513158e-03,5.337031776823e+05,5.336111724212e+05,9.200526103808e+01
1.365266009852e-03,5.345245427162e+05,5.343662719862e+05,1.582707300677e+02
1.363027868852e-03,5.351301310523e+05,5.351209690868e+05,9.161965499748e+00
1.360797054010e-03,5.360740702176e+05,5.358752637231e+05,1.988064944921e+02
1.358573529412e-03,5.364918067299e+05,5.366291558951e+05,-1.373491651467e+02
1.356357259380e-03,5.371696833207e+05,5.373826456027e+05,-2.129622820219e+02
1.354148208469e-03,5.380717547810e+05,5.381357328460e+05,-6.397806502355e+01
1.351946341463e-03,5.388428393227e+05,5.388884176249e+05,-4.557830222824e+01
1.349751623377e-03,5.395919237668e+05,5.396406999396e+05,-4.877617279044e+01
1.347564019449e-03,5.405916496327e+05,5.403925797899e+05,1.990698428270e+02
1.345383495146e-03,5.413268186827e+05,5.411440571758e+05,1.827615068377e+02
1.343210016155e-03,5.417547138848e+05,5.418951320974e+05,-1.404182126785e+02
1.341043548387e-03,5.425010371093e+05,5.426458045547e+05,-1.447674454788e+02
1.338884057971e-03,5.435076236676e+05,5.433960745477e+05,1.115491199584e+02
1.336731511254e-03,5.439811878032e+05,5.441459420763e+05,-1.647542730629e+02
1.334585874799e-03,5.450499593018e+05,5.448954071406e+05,1.545521611922e+02
1.332447115385e-03,5.458404032750e+05,5.456444697406e+05,1.959335344398e+02
1.330315200000e-03,5.461883998662e+05,5.463931298762e+05,-2.047300099583e+02
1.328190095847e-03,5.469370805411e+05,5.471413875475e+05,-2.043070063844e+02
1.326071770335e-03,5.476357481548e+05,5.478892427544e+05,-2.534945996328e+02
1.323960191083e-03,5.483745264190e+05,5.486366954970e+05,-2.621690779950e+02
1.321855325914e-03,5.495085949430e+05,5.493837457753e+05,1.248491677052e+02
1.319757142857e-03,5.501584703771e+05,5.501303935893e+05,2.807678787515e+01
1.317665610143e-03,5.509448906430e+05,5.508766389389e+05,6.825170408888e+01
1.315580696203e-03,5.516277942199e+05,5.516224818242e+05,5.312395750545e+00
1.313502369668e-03,5.521182338918e+05,5.523679222451e+05,-2.496883532648e+02
1.311430599369e-03,5.529874444229e+05,5.531129602017e+05,-1.255157788005e+02
1.309365354331e-03,5.540432734166e+05,5.538575956940e+05,1.856777225572e+02
1.307306603774e-03,5.543975406115e+05,5.546018287220e+05,-2.042881104311e+02
1.305254317111e-03,5.552656447689e+05,5.553456592856e+05,-8.001451665419e+01
1.303208463950e-03,5.563122528651e+05,5.560890873849e+05,2.231654802610e+02
1.301169014085e-03,5.570171353132e+05,5.568321130198e+05,1.850222934516e+02
1.299135937500e-03,5.575746244470e+05,5.575747361904e+05,-1.117434322368e-01
1.297109204368e-03,5.582309577941e+05,5.583169568967e+05,-8.599910256476e+01
1.295088785047e-03,5.592780651317e+05,5.590587751386e+05,2.192899930625e+02
1.293074650078e-03,5.596991954466e+05,5.598001909162e+05,-1.009954696679e+02
1.291066770186e-03,5.603126275050e+05,5.605412042295e+05,-2.285767244804e+02
1.289065116279e-03,5.612576110326e+05,5.612818150785e+05,-2.420404584997e+01
1.287069659443e-03,5.619830764909e+05,5.620220234631e+05,-3.894697219506e+01
1.285080370943e-03,5.625766566847e+05,5.627618293833e+05,-1.851726986187e+02
1.283097222222e-03,5.634045132985e+05,5.635012328393e+05,-9.671954075585e+01
1.281120184900e-03,5.643224225629e+05,5.642402338309e+05,8.218873204594e+01
1.279149230769e-03,5.651842793580e+05,5.649788323582e+05,2.054469998056e+02
1.277184331797e-03,5.659136142326e+05,5.657170284211e+05,1.965858115371e+02
1.275225460123e-03,5.662046373003e+05,5.664548220197e+05,-2.501847193594e+02
1.273272588055e-03,5.671933840516e+05,5.671922131540e+05,1.170897647622e+00
1.271325688073e-03,5.681938957186e+05,5.679292018239e+05,2.646938947350e+02
1.269384732824e-03,5.689511989188e+05,5.686657880295e+05,2.854108892526e+02
1.267449695122e-03,5.691344737499e+05,5.694019717708e+05,-2.674980209088e+02
1.265520547945e-03,5.700335476183e+05,5.701377530477e+05,-1.042054294158e+02
1.263597264438e-03,5.706747366979e+05,5.708731318603e+05,-1.983951624607e+02
1.261679817906e-03,5.715413919065e+05,5.716081082086e+05,-6.671630204143e+01
1.259768181818e-03,5.721249695565e+05,5.723426820925e+05,-2.177125359724e+02
1.257862329803e-03,5.728105635174e+05,5.730768535121e+05,-2.662899947184e+02
1.255962235650e-03,5.740367846754e+05,5.738106224674e+05,2.261622080435e+02
1.254067873303e-03,5.745895065728e+05,5.745439889583e+05,4.551761448768e+01
1.252179216867e-03,5.755130409288e+05,5.752769529849e+05,2.360879439160e+02
1.250296240601e-03,5.763034383078e+05,5.760095145472e+05,2.939237606556e+02
1.248418918919e-03,5.766995006528e+05,5.767416736451e+05,-4.217299231340e+01
1.246547226387e-03,5.775530773023e+05,5.774734302787e+05,7.964702360530e+01
1.244681137725e-03,5.781344884047e+05,5.782047844480e+05,-7.029604329355e+01
1.242820627803e-03,5.790386372694e+05,5.789357361529e+05,1.029011164996e+02
1.240965671642e-03,5.796308963495e+05,5.796662853935e+05,-3.538904395292e+01
1.239116244411e-03,5.805202802770e+05,5.803964321697e+05,1.238481072226e+02
1.237272321429e-03,5.810939869601e+05,5.811261764817e+05,-3.218952159188e+01
1.235433878157e-03,5.815814024240e+05,5.818555183293e+05,-2.741159052664e+02
1.233600890208e-03,5.827170291143e+05,5.825844577125e+05,1.325714017506e+02
1.231773333333e-03,5.834473159429e+05,5.833129946315e+05,1.343213114406e+02
1.229951183432e-03,5.838030202849e+05,5.840411290860e+05,-2.381088011309e+02
1.228134416544e-03,5.846037731928e+05,5.847688610763e+05,-1.650878834915e+02
1.226323008850e-03,5.853787267500e+05,5.854961906022e+05,-1.174638521809e+02
1.224516936672e-03,5.862756297242e+05,5.862231176638e+05,5.251206038066e+01
1.222716176471e-03,5.867807985135e+05,5.869496422611e+05,-1.688437476122e+02
1.220920704846e-03,5.875078167004e+05,5.876757643940e+05,-1.679476935972e+02
1.219130498534e-03,5.883856527132e+05,5.884014840626e+05,-1.583134940127e+01
1.217345534407e-03,5.889706969134e+05,5.891268012668e+05,-1.561043534789e+02
1.215565789474e-03,5.900938890680e+05,5.898517160068e+05,2.421730612629e+02
1.213791240876e-03,5.904800316748e+05,5.905762282823e+05,-9.619660750090e+01
1.212021865889e-03,5.914123642255e+05,5.913003380936e+05,1.120261319362e+02
1.210257641921e-03,5.920646557631e+05,5.920240454405e+05,4.061032257183e+01
1.208498546512e-03,5.925857326586e+05,5.927473503231e+05,-1.616176644912e+02
1.206744557329e-03,5.932690842026e+05,5.934702527413e+05,-2.011685387023e+02
1.204995652174e-03,5.944548114881e+05,5.941927526953e+05,2.620587928718e+02
1.203251808972e-03,5.947309667058e+05,5.949148501848e+05,-1.838834790115e+02
1.201513005780e-03,5.953581232063e+05,5.956365452101e+05,-2.784220038038e+02
1.199779220779e-03,5.962576282950e+05,5.963578377710e+05,-1.002094760275e+02
1.198050432277e-03,5.968181841675e+05,5.970787278676e+05,-2.605437001096e+02
1.196326618705e-03,5.979310586246e+05,5.977992154998e+05,1.318431247915e+02
1.194607758621e-03,5.985650142682e+05,5.985193006677e+05,4.571360044461e+01
1.192893830703e-03,5.990596089811e+05,5.992389833713e+05,-1.793743902184e+02
1.191184813754e-03,5.997879350240e+05,5.999582636106e+05,-1.703285865876e+02
1.189480686695e-03,6.006791469855e+05,6.006771413855e+05,2.005600046832e+00
1.187781428571e-03,6.013921829188e+05,6.013956166960e+05,-3.433777231839e+00
1.186087018545e-03,6.021984429484e+05,6.021136895423e+05,8.475340611557e+01
1.184397435897e-03,6.029276374798e+05,6.028313599242e+05,9.627755561133e+01
1.182712660028e-03,6.032825054664e+05,6.035486278418e+05,-2.661223753752e+02
1.181032670455e-03,6.044873609690e+05,6.042654932950e+05,2.218676739644e+02
1.179357446809e-03,6.051112694967e+05,6.049819562839e+05,1.293132128150e+02
1.177686968839e-03,6.055120327424e+05,6.056980168085e+05,-1.859840660729e+02
1.176021216407e-03,6.063957514192e+05,6.064136748687e+05,-1.792344955844e+01
1.174360169492e-03,6.072516392318e+05,6.071289304646e+05,1.227087671999e+02
1.172703808181e-03,6.076880988821e+05,6.078437835962e+05,-1.556847140942e+02
1.171052112676e-03,6.086690914510e+05,6.085582342634e+05,1.108571875483e+02
1.169405063291e-03,6.092465593611e+05,6.092722824664e+05,-2.572310523072e+01
1.167762640449e-03,6.101439824676e+05,6.099859282049e+05,1.580542626708e+02
1.166124824684e-03,6.109216567819e+05,6.106991714792e+05,2.224853027852e+02
1.164491596639e-03,6.115742882294e+05,6.114120122891e+05,1.622759403139e+02
1.162862937063e-03,6.120068915837e+05,6.121244506346e+05,-1.175590509298e+02
1.161238826816e-03,6.130615236424e+05,6.128364865159e+05,2.250371265206e+02
1.159619246862e-03,6.138589495784e+05,6.135481199328e+05,3.108296456432e+02
1.158004178273e-03,6.140422475221e+05,6.142593508853e+05,-2.171033632642e+02
1.156393602225e-03,6.148533539373e+05,6.149701793736e+05,-1.168254363086e+02
1.154787500000e-03,6.157996383603e+05,6.156806053975e+05,1.190329628341e+02
1.153185852982e-03,6.162797222987e+05,6.163906289570e+05,-1.109066583763e+02
1.151588642659e-03,6.172465256107e+05,6.171002500523e+05,1.462755584697e+02
1.149995850622e-03,6.177771799972e+05,6.178094686832e+05,-3.228868594847e+01
1.148407458564e-03,6.182629436171e+05,6.185182848497e+05,-2.553412326381e+02
1.146823448276e-03,6.190900091324e+05,6.192266985519e+05,-1.366894195408e+02
1.145243801653e-03,6.198544008065e+05,6.199347097898e+05,-8.030898331804e+01
1.143668500688e-03,6.204466688678e+05,6.206423185634e+05,-1.956496955581e+02
1.142097527473e-03,6.216245594708e+05,6.213495248726e+05,2.750345981468e+02
1.140530864198e-03,6.220507628004e+05,6.220563287175e+05,-5.565917090047e+00
1.138968493151e-03,6.227183501210e+05,6.227627300981e+05,-4.437997703813e+01
1.137410396717e-03,6.232004691464e+05,6.234687290143e+05,-2.682598679517e+02
1.135856557377e-03,6.240410211420e+05,6.241743254662e+05,-1.333043242276e+02
1.134306957708e-03,6.248623363948e+05,6.248795194538e+05,-1.718305897003e+01
1.132761580381e-03,6.254793432156e+05,6.255843109770e+05,-1.049677613711e+02
1.131220408163e-03,6.265247060978e+05,6.262887000359e+05,2.360060619670e+02
1.129683423913e-03,6.267190705131e+05,6.269926866304e+05,-2.736161172946e+02
1.128150610583e-03,6.274266180959e+05,6.276962707606e+05,-2.696526647634e+02
1.126621951220e-03,6.287011025037e+05,6.283994524265e+05,3.016500771949e+02
1.125097428958e-03,6.290466962813e+05,6.291022316281e+05,-5.553534683492e+01
1.123577027027e-03,6.298814222950e+05,6.298046083653e+05,7.681392968283e+01
1.122060728745e-03,6.306334573367e+05,6.305065826382e+05,1.268746984574e+02
1.120548517520e-03,6.310806081793e+05,6.312081544467e+05,-1.275462674373e+02
1.119040376851e-03,6.318256007182e+05,6.319093237910e+05,-8.372307281278e+01
1.117536290323e-03,6.324942233970e+05,6.326100906709e+05,-1.158672738046e+02
1.116036241611e-03,6.335016637328e+05,6.333104550864e+05,1.912086464277e+02
1.114540214477e-03,6.342493077543e+05,6.340104170376e+05,2.388907166373e+02
1.113048192771e-03,6.344810545024e+05,6.347099765245e+05,-2.289220221407e+02
1.111560160428e-03,6.355931891363e+05,6.354091335471e+05,1.840555892636e+02
1.110076101469e-03,6.362708705694e+05,6.361078881053e+05,1.629824641233e+02
1.108596000000e-03,6.370743699232e+05,6.368062401991e+05,2.681297240173e+02
1.107119840213e-03,6.376930689111e+05,6.375041898287e+05,1.888790824265e+02
1.105647606383e-03,6.381127867773e+05,6.382017369939e+05,-8.895021664246e+01
1.104179282869e-03,6.389386925146e+05,6.388988816948e+05,3.981081979850e+01
1.102714854111e-03,6.396884251017e+05,6.395956239313e+05,9.280117032421e+01
1.101254304636e-03,6.403179846126e+05,6.402919637035e+05,2.602090903895e+01
1.099797619048e-03,6.411995249361e+05,6.409879010114e+05,2.116239247235e+02
1.098344782034e-03,6.413825527529e+05,6.416834358550e+05,-3.008831020958e+02
1.096895778364e-03,6.421538707776e+05,6.423785682342e+05,-2.246974565947e+02
1.095450592885e-03,6.427938490981e+05,6.430732981490e+05,-2.794490509050e+02
1.094009210526e-03,6.439875631488e+05,6.437676255996e+05,2.199375491798e+02
1.092571616294e-03,6.442415699351e+05,6.444615505858e+05,-2.199806506621e+02
1.091137795276e-03,6.451074264415e+05,6.451550731077e+05,-4.764666622563e+01
1.089707732634e-03,6.459066400874e+05,6.458481931652e+05,5.844692219025e+01
1.088281413613e-03,6.468307204873e+05,6.465409107584e+05,2.898097288294e+02
1.086858823529e-03,6.474553657769e+05,6.472332258873e+05,2.221398896179e+02
1.085439947781e-03,6.476729655664e+05,6.479251385518e+05,-2.521729854520e+02
1.084024771838e-03,6.488622220275e+05,6.486166487520e+05,2.455732755072e+02
1.082613281250e-03,6.494384373214e+05,6.493077564879e+05,1.306808334992e+02
1.081205461638e-03,6.501539661597e+05,6.499984617594e+05,1.555044002748e+02
1.079801298701e-03,6.505385266560e+05,6.506887645666e+05,-1.502379106636e+02
1.078400778210e-03,6.514225306109e+05,6.513786649095e+05,4.386570140440e+01
1.077003886010e-03,6.521461792414e+05,6.520681627881e+05,7.801645336754e+01
1.075610608021e-03,6.527184193166e+05,6.527572582023e+05,-3.883888568846e+01
1.074220930233e-03,6.536150590141e+05,6.534459511521e+05,1.691078619376e+02
1.072834838710e-03,6.541673201113e+05,6.541342416377e+05,3.307847360172e+01
1.071452319588e-03,6.546056630409e+05,6.548221296589e+05,-2.164666179094e+02
1.070073359073e-03,6.555190857931e+05,6.555096152157e+05,9.470577423112e+00
1.068697943445e-03,6.559510734331e+05,6.561966983082e+05,-2.456248751166e+02
1.067326059050e-03,6.567182180462e+05,6.568833789364e+05,-1.651608902554e+02
1.065957692308e-03,6.574642743062e+05,6.575696571003e+05,-1.053827940971e+02
1.064592829706e-03,6.585116675894e+05,6.582555327998e+05,2.561347895984e+02
1.063231457801e-03,6.592358497666e+05,6.589410060350e+05,2.948437315507e+02
1.061873563218e-03,6.597353294830e+05,6.596260768059e+05,1.092526771452e+02
1.060519132653e-03,6.605905459694e+05,6.603107451124e+05,2.798008569989e+02
1.059168152866e-03,6.612856857265e+05,6.609950109546e+05,2.906747718336e+02
1.057820610687e-03,6.619823915894e+05,6.616788743325e+05,3.035172569019e+02
1.056476493011e-03,6.626479427877e+05,6.623623352460e+05,2.856075416562e+02
1.055135786802e-03,6.629040457149e+05,6.630453936952e+05,-1.413479803372e+02
1.053798479087e-03,6.635056873454e+05,6.637280496801e+05,-2.223623346459e+02
1.052464556962e-03,6.644029217130e+05,6.644103032006e+05,-7.381487627747e+00
1.051134007585e-03,6.649634633776e+05,6.650921542568e+05,-1.286908791623e+02
1.049806818182e-03,6.655056138326e+05,6.657736028486e+05,-2.679890159823e+02
1.048482976040e-03,6.661417876756e+05,6.664546489762e+05,-3.128613005847e+02
1.047162468514e-03,6.671433619405e+05,6.671352926393e+05,8.069301197887e+00
1.045845283019e-03,6.675610537631e+05,6.678155338382e+05,-2.544800750636e+02
1.044531407035e-03,6.683823517838e+05,6.684953725727e+05,-1.130207888646e+02
1.043220828105e-03,6.689873841889e+05,6.691748088429e+05,-1.874246540455e+02
1.041913533835e-03,6.695953986450e+05,6.698538426488e+05,-2.584440037513e+02
1.040609511890e-03,6.704865730316e+05,6.705324739903e+05,-4.590095865249e+01
1.039308750000e-03,6.710074918525e+05,6.712107028675e+05,-2.032110150107e+02
1.038011235955e-03,6.716422292934e+05,6.718885292803e+05,-2.462999869140e+02
1.036716957606e-03,6.725935528949e+05,6.725659532288e+05,2.759966607578e+01
1.035425902864e-03,6.735233586424e+05,6.732429747130e+05,2.803839294292e+02
1.034138059701e-03,6.736873040008e+05,6.739195937329e+05,-2.322897320334e+02
1.032853416149e-03,6.745704823235e+05,6.745958102884e+05,-2.532796483778e+01
1.031571960298e-03,6.751116074122e+05,6.752716243796e+05,-1.600169673909e+02
1.030293680297e-03,6.761287603312e+05,6.759470360064e+05,1.817243248206e+02
1.029018564356e-03,6.765935389246e+05,6.766220451689e+05,-2.850624431612e+01
1.027746600742e-03,6.773684119483e+05,6.772966518671e+05,7.176008117525e+01
1.026477777778e-03,6.778962586723e+05,6.779708561009e+05,-7.459742862068e+01
1.025212083847e-03,6.789270037438e+05,6.786446578705e+05,2.823458733435e+02
1.023949507389e-03,6.795913201857e+05,6.793180571756e+05,2.732630100360e+02
1.022690036900e-03,6.797221852156e+05,6.799910540165e+05,-2.688688008453e+02
1.021433660934e-03,6.804513574826e+05,6.806636483930e+05,-2.122909103740e+02
1.020180368098e-03,6.816159660761e+05,6.813358403052e+05,2.801257709151e+02
1.018930147059e-03,6.822835155873e+05,6.820076297530e+05,2.758858342642e+02
1.017682986536e-03,6.826106511031e+05,6.826790167365e+05,-6.836563347140e+01
1.016438875306e-03,6.833054907727e+05,6.833500012557e+05,-4.451048296050e+01
1.015197802198e-03,6.841666098681e+05,6.840205833105e+05,1.460265576092e+02
1.013959756098e-03,6.849862772622e+05,6.846907629010e+05,2.955143611969e+02
1.012724725944e-03,6.850988957104e+05,6.853605400272e+05,-2.616443168131e+02
1.011492700730e-03,6.861116127622e+05,6.860299146891e+05,8.169807309762e+01
1.010263669502e-03,6.867422395769e+05,6.866988868866e+05,4.335269033839e+01
1.009037621359e-03,6.874371849417e+05,6.873674566197e+05,6.972832200548e+01
1.007814545455e-03,6.879158687190e+05,6.880356238886e+05,-1.197551695327e+02
1.006594430993e-03,6.888674898822e+05,6.887033886931e+05,1.641011891476e+02
1.005377267231e-03,6.894112991806e+05,6.893707510332e+05,4.054814733227e+01
1.004163043478e-03,6.901763783054e+05,6.900377109091e+05,1.386673963113e+02
1.002951749095e-03,6.910319333618e+05,6.907042683206e+05,3.276650412456e+02
1.001743373494e-03,6.911728073714e+05,6.913704232677e+05,-1.976158963644e+02
1.000537906137e-03,6.921669019440e+05,6.920361757506e+05,1.307261933860e+02
9.993353365385e-04,6.929771728729e+05,6.927015257691e+05,2.756471038619e+02
9.981356542617e-04,6.936114341663e+05,6.933664733233e+05,2.449608430202e+02
9.969388489209e-04,6.938446426487e+05,6.940310184131e+05,-1.863757643984e+02
9.957449101796e-04,6.949885846377e+05,6.946951610386e+05,2.934235991484e+02
9.945538277512e-04,6.956871403906e+05,6.953589011997e+05,3.282391908050e+02
9.933655913978e-04,6.962051493153e+05,6.960222388966e+05,1.829104187373e+02
9.921801909308e-04,6.963614276355e+05,6.966851741291e+05,-3.237464935824e+02
9.909976162098e-04,6.972383309769e+05,6.973477068972e+05,-1.093759203460e+02
9.898178571429e-04,6.981331019309e+05,6.980098372011e+05,1.232647298165e+02
9.886409036861e-04,6.984376290313e+05,6.986715650406e+05,-2.339360092593e+02
9.874667458432e-04,6.993653927266e+05,6.993328904157e+05,3.250231087452e+01
9.862953736655e-04,7.001496877840e+05,6.999938133265e+05,1.558744574814e+02
9.851267772512e-04,7.008729127328e+05,7.006543337730e+05,2.185789597788e+02
9.839609467456e-04,7.013841439785e+05,7.013144517552e+05,6.969222328335e+01
9.827978723404e-04,7.019065593412e+05,7.019741672730e+05,-6.760793179704e+01
9.816375442739e-04,7.023776333685e+05,7.026334803265e+05,-2.558469580342e+02
9.804799528302e-04,7.032361170512e+05,7.032923909157e+05,-5.627386447345e+01
9.793250883392e-04,7.038157935586e+05,7.039508990405e+05,-1.351054818565e+02
9.781729411765e-04,7.044409251087e+05,7.046090047010e+05,-1.680795922974e+02
9.770235017626e-04,7.054509582995e+05,7.052667078971e+05,1.842504023854e+02
9.758767605634e-04,7.061525153428e+05,7.059240086290e+05,2.285067138426e+02
9.747327080891e-04,7.065349429881e+05,7.065809068965e+05,-4.596390840225e+01
9.735913348946e-04,7.069286684141e+05,7.072374026996e+05,-3.087342855418e+02
9.724526315789e-04,7.077301061283e+05,7.078934960384e+05,-1.633899101012e+02
9.713165887850e-04,7.086202254828e+05,7.085491869129e+05,7.103856993385e+01
9.701831971995e-04,7.089266719273e+05,7.092044753231e+05,-2.778033958133e+02
9.690524475524e-04,7.099091680652e+05,7.098593612689e+05,4.980679632665e+01
9.679243306170e-04,7.105045099097e+05,7.105138447504e+05,-9.334840712603e+00
9.667988372093e-04,7.109201447088e+05,7.111679257675e+05,-2.477810587478e+02
9.656759581882e-04,7.114800925534e+05,7.118216043203e+05,-3.415117669703e+02
9.645556844548e-04,7.121844119953e+05,7.124748804088e+05,-2.904684135049e+02
9.634380069525e-04,7.129987674534e+05,7.131277540330e+05,-1.289865795844e+02
9.623229166667e-04,7.139509082567e+05,7.137802251928e+05,1.706830638881e+02
9.612104046243e-04,7.147921993330e+05,7.144322938883e+05,3.599054447087e+02
9.601004618938e-04,7.152359386126e+05,7.150839601194e+05,1.519784931497e+02
9.589930795848e-04,7.157402247770e+05,7.157352238862e+05,5.000890791067e+00
9.578882488479e-04,7.162260414352e+05,7.163860851887e+05,-1.600437534994e+02
9.567859608746e-04,7.168418520916e+05,7.170365440268e+05,-1.946919352536e+02
9.556862068966e-04,7.174289997150e+05,7.176866004007e+05,-2.576006856125e+02
9.545889781860e-04,7.181553629009e+05,7.183362543101e+05,-1.808914092762e+02
9.534942660550e-04,7.192864060307e+05,7.189855057553e+05,3.009002753756e+02
9.524020618557e-04,7.194560573183e+05,7.196343547361e+05,-1.782974177382e+02
9.513123569794e-04,7.203121173485e+05,7.202828012526e+05,2.931609594019e+01
9.502251428571e-04,7.212077360633e+05,7.209308453047e+05,2.768907585456e+02
9.491404109589e-04,7.215187028951e+05,7.215784868925e+05,-5.978399741743e+01
9.480581527936e-04,7.221872501378e+05,7.222257260160e+05,-3.847587818303e+01
9.469783599089e-04,7.228467105634e+05,7.228725626751e+05,-2.585211168218e+01
9.459010238908e-04,7.236181468036e+05,7.235189968699e+05,9.914993369963e+01
9.448261363636e-04,7.241029614259e+05,7.241650286004e+05,-6.206717448286e+01
9.437536889898e-04,7.249221583108e+05,7.248106578665e+05,1.115004442359e+02
9.426836734694e-04,7.257150350400e+05,7.254558846683e+05,2.591503717001e+02
9.416160815402e-04,7.258572454867e+05,7.261007090058e+05,-2.434635190854e+02
9.405509049774e-04,7.271222312540e+05,7.267451308790e+05,3.771003750341e+02
9.394881355932e-04,7.275048109975e+05,7.273891502878e+05,1.156607097472e+02
9.384277652370e-04,7.283758419337e+05,7.280327672322e+05,3.430747014437e+02
9.373697857948e-04,7.287422907200e+05,7.286759817124e+05,6.630900764104e+01
9.363141891892e-04,7.296447026313e+05,7.293187937282e+05,3.259089031790e+02
9.352609673791e-04,7.299336560791e+05,7.299612032796e+05,-2.754720056860e+01
9.342101123596e-04,7.303832684750e+05,7.306032103668e+05,-2.199418917606e+02
9.331616161616e-04,7.309902815940e+05,7.312448149896e+05,-2.545333955330e+02
9.321154708520e-04,7.319935143698e+05,7.318860171480e+05,1.074972217320e+02
9.310716685330e-04,7.324031133511e+05,7.325268168422e+05,-1.237034911052e+02
9.300302013423e-04,7.332214569605e+05,7.331672140720e+05,5.424288853630e+01
9.289910614525e-04,7.334641863178e+05,7.338072088374e+05,-3.430225195691e+02
9.279542410714e-04,7.344567151035e+05,7.344468011385e+05,9.913964925450e+00
9.269197324415e-04,7.350187788341e+05,7.350859909753e+05,-6.721214122593e+01
9.258875278396e-04,7.359646593669e+05,7.357247783478e+05,2.398810191302e+02
9.248576195773e-04,7.365655793669e+05,7.363631632559e+05,2.024161110151e+02
9.238300000000e-04,7.372048169097e+05,7.370011456997e+05,2.036712099744e+02
9.228046614872e-04,7.377166267018e+05,7.376387256792e+05,7.790102262516e+01
9.217815964523e-04,7.380219260551e+05,7.382759031943e+05,-2.539771392597e+02
9.207607973422e-04,7.386426352381e+05,7.389126782451e+05,-2.700430069655e+02
9.197422566372e-04,7.392728941065e+05,7.395490508316e+05,-2.761567250360e+02
9.187259668508e-04,7.401043616506e+05,7.401850209537e+05,-8.065930312907e+01
9.177119205298e-04,7.406911041200e+05,7.408205886115e+05,-1.294844914979e+02
9.167001102536e-04,7.413586730891e+05,7.414557538049e+05,-9.708071579318e+01
9.156905286344e-04,7.421577462645e+05,7.420905165341e+05,6.722973040433e+01
9.146831683168e-04,7.425481177780e+05,7.427248767988e+05,-1.767590208389e+02
9.136780219780e-04,7.435000791993e+05,7.433588345993e+05,1.412445999520e+02
9.126750823271e-04,7.442977484586e+05,7.439923899354e+05,3.053585231962e+02
9.116743421053e-04,7.445825332787e+05,7.446255428072e+05,-4.300952846883e+01
9.106757940854e-04,7.454375639366e+05,7.452582932147e+05,1.792707218997e+02
9.096794310722e-04,7.460340542319e+05,7.458906411578e+05,1.434130741282e+02
9.086852459016e-04,7.463125462348e+05,7.465225866366e+05,-2.100404017690e+02
9.076932314410e-04,7.468719643928e+05,7.471541296510e+05,-2.821652581980e+02
9.067033805889e-04,7.478745317109e+05,7.477852702011e+05,8.926150972175e+01
9.057156862745e-04,7.487786327819e+05,7.484160082869e+05,3.626244950324e+02
9.047301414581e-04,7.489852658711e+05,7.490463439084e+05,-6.107803724695e+01
9.037467391304e-04,7.494901886425e+05,7.496762770655e+05,-1.860884229937e+02
9.027654723127e-04,7.504538909461e+05,7.503058077583e+05,1.480831877948e+02
9.017863340564e-04,7.507525747886e+05,7.509349359867e+05,-1.823611981423e+02
9.008093174431e-04,7.514204684411e+05,7.515636617508e+05,-1.431933097682e+02
8.998344155844e-04,7.525106901281e+05,7.521919850506e+05,3.187050775304e+02
8.988616216216e-04,7.525026376350e+05,7.528199058861e+05,-3.172682510467e+02
8.978909287257e-04,7.530900351583e+05,7.534474242572e+05,-3.573890989129e+02
8.969223300971e-04,7.539586381234e+05,7.540745401639e+05,-1.159020405025e+02
8.959558189655e-04,7.545357354631e+05,7.547012536064e+05,-1.655181433015e+02
8.949913885899e-04,7.550013188046e+05,7.553275645845e+05,-3.262457798483e+02
8.940290322581e-04,7.562672340120e+05,7.559534730983e+05,3.137609137511e+02
8.930687432868e-04,7.567006505994e+05,7.565789791477e+05,1.216714516482e+02
8.921105150215e-04,7.573547564880e+05,7.572040827328e+05,1.506737551305e+02
8.911543408360e-04,7.576783272172e+05,7.578287838536e+05,-1.504566363678e+02
8.902002141328e-04,7.581430119376e+05,7.584530825100e+05,-3.100705724109e+02
8.892481283422e-04,7.589661926271e+05,7.590769787021e+05,-1.107860750275e+02
8.882980769231e-04,7.597601037659e+05,7.597004724299e+05,5.963133600459e+01
8.873500533618e-04,7.603177387172e+05,7.603235636934e+05,-5.824976164382e+00
8.864040511727e-04,7.609478927354e+05,7.609462524925e+05,1.640242932481e+00
8.854600638978e-04,7.616348405653e+05,7.615685388272e+05,6.630173807254e+01
8.845180851064e-04,7.623210934954e+05,7.621904226977e+05,1.306707977729e+02
8.835781083953e-04,7.624757507070e+05,7.628119041038e+05,-3.361533968234e+02
8.826401273885e-04,7.634371967055e+05,7.634329830455e+05,4.213659976260e+00
8.817041357370e-04,7.639928266079e+05,7.640536595230e+05,-6.083291508397e+01
8.807701271186e-04,7.648396487148e+05,7.646739335361e+05,1.657151787130e+02
8.798380952381e-04,7.652453612397e+05,7.652938050848e+05,-4.844384519081e+01
8.789080338266e-04,7.657906865095e+05,7.659132741693e+05,-1.225876597391e+02
8.779799366420e-04,7.667968666742e+05,7.665323407894e+05,2.645258847756e+02
8.770537974684e-04,7.673449972388e+05,7.671510049451e+05,1.939922936585e+02
8.761296101159e-04,7.677010290884e+05,7.677692666366e+05,-6.823754817457e+01
8.752073684211e-04,7.683172644177e+05,7.683871258637e+05,-6.986144597805e+01
8.742870662461e-04,7.691163624021e+05,7.690045826264e+05,1.117797756185e+02
8.733686974790e-04,7.695391183095e+05,7.696216369249e+05,-8.251861534663e+01
8.724522560336e-04,7.699572498242e+05,7.702382887590e+05,-2.810389347274e+02
8.715377358491e-04,7.711863364054e+05,7.708545381287e+05,3.317982766315e+02
8.706251308901e-04,7.712359050106e+05,7.714703850342e+05,-2.344800235276e+02
8.697144351464e-04,7.720080643974e+05,7.720858294753e+05,-7.776507785555e+01
8.688056426332e-04,7.727050502694e+05,7.727008714520e+05,4.178817338543e+00
8.678987473904e-04,7.730947886046e+05,7.733155109644e+05,-2.207223598643e+02
8.669937434828e-04,7.737594420059e+05,7.739297480125e+05,-1.703060065859e+02
8.660906250000e-04,7.744439636950e+05,7.745435825963e+05,-9.961890133633e+01
8.651893860562e-04,7.750665064097e+05,7.751570147157e+05,-9.050830602716e+01
8.642900207900e-04,7.755814041536e+05,7.757700443708e+05,-1.886402172443e+02
8.633925233645e-04,7.760256945642e+05,7.763826715616e+05,-3.569769974105e+02
8.624968879668e-04,7.767335664800e+05,7.769948962880e+05,-2.613298080069e+02
8.616031088083e-04,7.778316134961e+05,7.776067185501e+05,2.248949460065e+02
8.607111801242e-04,7.780831711482e+05,7.782181383478e+05,-1.349671996046e+02
8.598210961737e-04,7.785424834511e+05,7.788291556813e+05,-2.866722301786e+02
8.589328512397e-04,7.798270054697e+05,7.794397705503e+05,3.872349193105e+02
8.580464396285e-04,7.796778989548e+05,7.800499829551e+05,-3.720840003479e+02
8.571618556701e-04,7.809444480670e+05,7.806597928955e+05,2.846551714361e+02
8.562790937178e-04,7.812104763979e+05,7.812692003716e+05,-5.872397371440e+01
8.553981481481e-04,7.817277373088e+05,7.818782053834e+05,-1.504680745318e+02
8.545190133607e-04,7.827618272734e+05,7.824868079308e+05,2.750193426615e+02
8.536416837782e-04,7.827698001308e+05,7.830950080139e+05,-3.252078830319e+02
8.527661538462e-04,7.837991103664e+05,7.837028056326e+05,9.630473376391e+01
8.518924180328e-04,7.846557162524e+05,7.843102007870e+05,3.455154654006e+02
8.510204708291e-04,7.851133138881e+05,7.849171934771e+05,1.961204109933e+02
8.501503067485e-04,7.856838101698e+05,7.855237837029e+05,1.600264669015e+02
8.492819203269e-04,7.865385616385e+05,7.861299714643e+05,4.085901742028e+02
8.484153061224e-04,7.870369308871e+05,7.867357567614e+05,3.011741257954e+02
8.475504587156e-04,7.872656268512e+05,7.873411395941e+05,-7.551274287864e+01
8.466873727088e-04,7.877888066988e+05,7.879461199625e+05,-1.573132636991e+02
8.458260427263e-04,7.888975500796e+05,7.885506978666e+05,3.468522130589e+02
8.449664634146e-04,7.891600126686e+05,7.891548733063e+05,5.139362226706e+00
8.441086294416e-04,7.900741197886e+05,7.897586462817e+05,3.154735069004e+02
8.432525354970e-04,7.901496376901e+05,7.903620167928e+05,-2.123791027608e+02
8.423981762918e-04,7.910227209743e+05,7.909649848396e+05,5.773613474809e+01
8.415455465587e-04,7.916678254521e+05,7.915675504220e+05,1.002750301565e+02
8.406946410516e-04,7.923763989667e+05,7.921697135401e+05,2.066854266021e+02
8.398454545455e-04,7.930139881542e+05,7.927714741938e+05,2.425139604441e+02
8.389979818365e-04,7.937689502908e+05,7.933728323832e+05,3.961179075924e+02
8.381522177419e-04,7.943661404369e+05,7.939737881083e+05,3.923523286614e+02
8.373081570997e-04,7.943759644642e+05,7.945743413690e+05,-1.983769047852e+02
8.364657947686e-04,7.950961746161e+05,7.951744921654e+05,-7.831754935486e+01
8.356251256281e-04,7.957542271410e+05,7.957742404975e+05,-2.001335651183e+01
8.347861445783e-04,7.962489388519e+05,7.963735863652e+05,-1.246475133552e+02
8.339488465396e-04,7.966873569608e+05,7.969725297686e+05,-2.851728078701e+02
8.331132264529e-04,7.974344552384e+05,7.975710707077e+05,-1.366154693123e+02
8.322792792793e-04,7.980591942316e+05,7.981692091824e+05,-1.100149508558e+02
8.314470000000e-04,7.991341541306e+05,7.987669451928e+05,3.672089377589e+02
