Cycle,Lambda,SSE,B2,B3,B4,B5,B6,Status
1,1.000000000000e-03,3.104658249934e+10,-1.581057880330e-04,4.585068393119e-07,-1.299504089493e-10,-5.997088631660e-13,6.711649581897e-18,ACCEPT
2,1.000000000000e-04,4.795704496499e+08,-7.603726039823e-05,2.585399324829e-07,-3.620618353302e-10,-4.632170985284e-13,9.321020782603e-16,ACCEPT
3,1.000000000000e-05,2.515232457702e+07,-4.784490598367e-05,8.690306643403e-08,-2.052633993514e-10,1.117484748624e-13,8.117157663352e-17,ACCEPT
4,1.000000000000e-06,2.148192080445e+05,-3.969245046166e-05,3.119543322488e-08,-1.302648957222e-10,2.411145496920e-13,-1.609777366655e-16,ACCEPT
5,1.000000000000e-07,2.242908619657e+04,-3.802184689669e-05,1.096268697705e-08,-4.367648129694e-11,8.379479215059e-14,-5.763742355812e-17,ACCEPT
6,1.000000000000e-08,5.549114830467e+01,-3.731516072022e-05,1.742140993587e-09,-1.698464503909e-12,3.428973488671e-15,-2.420168349677e-18,ACCEPT
7,1.000000000000e-09,8.372782792570e-01,-3.727869162948e-05,1.266055005366e-09,4.698851070038e-13,-7.236394448110e-16,4.337502425302e-19,ACCEPT
8,1.000000000000e-10,8.358196367630e-01,-3.727850234966e-05,1.263584042712e-09,4.811392173392e-13,-7.451922685550e-16,4.485626281979e-19,ACCEPT
9,1.000000000000e-11,8.358196362968e-01,-3.727850225137e-05,1.263582759621e-09,4.811450612357e-13,-7.452034602469e-16,4.485703197996e-19,ACCEPT
10,1.000000000000e-12,8.358196362968e-01,-3.727850225137e-05,1.263582759621e-09,4.811450612357e-13,-7.452034602469e-16,4.485703197996e-19,REJECT
11,1.000000000000e-11,8.358196362968e-01,-3.727850225137e-05,1.263582759621e-09,4.811450612357e-13,-7.452034602469e-16,4.485703197996e-19,REJECT
12,1.000000000000e-10,8.358196362968e-01,-3.727850225137e-05,1.263582759621e-09,4.811450612357e-13,-7.452034602469e-16,4.485703197996e-19,REJECT
13,1.000000000000e-09,8.358196362968e-01,-3.727850225137e-05,1.263582759621e-09,4.811450612357e-13,-7.452034602469e-16,4.485703197996e-19,REJECT
14,1.000000000000e-08,8.358196362968e-01,-3.727850225137e-05,1.263582759621e-09,4.811450612357e-13,-7.452034602469e-16,4.485703197996e-19,REJECT
15,1.000000000000e-07,8.358196362968e-01,-3.727850225137e-05,1.263582759621e-09,4.811450612357e-13,-7.452034602469e-16,4.485703197996e-19,REJECT
16,1.000000000000e-06,8.358196362968e-01,-3.727850225137e-05,1.263582759621e-09,4.811450612357e-13,-7.452034602469e-16,4.485703197996e-19,REJECT
17,1.000000000000e-05,8.358196362968e-01,-3.727850225137e-05,1.263582759621e-09,4.811450612357e-13,-7.452034602469e-16,4.485703197996e-19,REJECT
18,1.000000000000e-04,8.358196362968e-01,-3.727850225137e-05,1.263582759621e-09,4.811450612357e-13,-7.452034602469e-16,4.485703197996e-19,REJECT
19,1.000000000000e-03,8.358196362968e-01,-3.727850225137e-05,1.263582759621e-09,4.811450612357e-13,-7.452034602469e-16,4.485703197996e-19,REJECT
20,1.000000000000e-02,8.358196362968e-01,-3.727850225137e-05,1.263582759621e-09,4.811450612357e-13,-7.452034602469e-16,4.485703197996e-19,REJECT
21,1.000000000000e-01,8.358196362968e-01,-3.727850225137e-05,1.263582759621e-09,4.811450612357e-13,-7.452034602469e-16,4.485703197996e-19,REJECT
22,1.000000000000e+00,8.358196362968e-01,-3.727850225137e-05,1.263582759621e-09,4.811450612357e-13,-7.452034602469e-16,4.485703197996e-19,REJECT
23,1.000000000000e+01,8.358196362968e-01,-3.727850225137e-05,1.263582759621e-09,4.811450612357e-13,-7.452034602469e-16,4.485703197996e-19,REJECT
24,1.000000000000e+02,8.358196362968e-01,-3.727850225137e-05,1.263582759621e-09,4.811450612357e-13,-7.452034602469e-16,4.485703197996e-19,REJECT
25,1.000000000000e+03,8.358196362968e-01,-3.727850225137e-05,1.263582759621e-09,4.811450612357e-13,-7.452034602469e-16,4.485703197996e-19,REJECT
26,1.000000000000e+04,8.358196362968e-01,-3.727850225137e-05,1.263582759621e-09,4.811450612357e-13,-7.452034602469e-16,4.485703197996e-19,REJECT
27,1.000000000000e+05,8.358196362968e-01,-3.727850225137e-05,1.263582759621e-09,4.811450612357e-13,-7.452034602469e-16,4.485703197996e-19,REJECT
28,1.000000000000e+06,8.358196362968e-01,-3.727850225137e-05,1.263582759621e-09,4.811450612357e-13,-7.452034602469e-16,4.485703197996e-19,REJECT
29,1.000000000000e+07,8.358196362968e-01,-3.727850225137e-05,1.263582759621e-09,4.811450612357e-13,-7.452034602469e-16,4.485703197996e-19,REJECT
30,1.000000000000e+08,8.358196362968e-01,-3.727850225137e-05,1.263582759621e-09,4.811450612357e-13,-7.452034602469e-16,4.485703197996e-19,REJECT
31,1.000000000000e+09,8.358196362968e-01,-3.727850225137e-05,1.263582759621e-09,4.811450612357e-13,-7.452034602469e-16,4.485703197996e-19,REJECT
32,1.000000000000e+10,8.358196362968e-01,-3.727850225137e-05,1.263582759621e-09,4.811450612357e-13,-7.452034602469e-16,4.485703197996e-19,REJECT
33,1.000000000000e+11,8.358196362968e-01,-3.727850225137e-05,1.263582759621e-09,4.811450612357e-13,-7.452034602469e-16,4.485703197996e-19,REJECT
34,1.000000000000e+12,8.358196362968e-01,-3.727850225137e-05,1.263582759621e-09,4.811450612357e-13,-7.452034602469e-16,4.485703197996e-19,REJECT
35,1.000000000000e+13,8.358196362968e-01,-3.727850225137e-05,1.263582759621e-09,4.811450612357e-13,-7.452034602469e-16,4.485703197996e-19,REJECT
36,1.000000000000e+14,8.358196362968e-01,-3.727850225137e-05,1.263582759621e-09,4.811450612357e-13,-7.452034602469e-16,4.485703197996e-19,REJECT
37,1.000000000000e+15,8.358196362968e-01,-3.727850225137e-05,1.263582759621e-09,4.811450612357e-13,-7.452034602469e-16,4.485703197996e-19,REJECT
38,1.000000000000e+16,8.358196362968e-01,-3.727850225137e-05,1.263582759621e-09,4.811450612357e-13,-7.452034602469e-16,4.485703197996e-19,REJECT
39,1.000000000000e+17,8.358196362968e-01,-3.727850225137e-05,1.263582759621e-09,4.811450612357e-13,-7.452034602469e-16,4.485703197996e-19,REJECT
40,1.000000000000e+18,8.358196362968e-01,-3.727850225137e-05,1.263582759621e-09,4.811450612357e-13,-7.452034602469e-16,4.485703197996e-19,REJECT
41,1.000000000000e+19,8.358196362968e-01,-3.727850225137e-05,1.263582759621e-09,4.811450612357e-13,-7.452034602469e-16,4.485703197996e-19,REJECT
42,1.000000000000e+20,8.358196362968e-01,-3.727850225137e-05,1.263582759621e-09,4.811450612357e-13,-7.452034602469e-16,4.485703197996e-19,REJECT
43,1.000000000000e+21,8.358196362968e-01,-3.727850225137e-05,1.263582759621e-09,4.811450612357e-13,-7.452034602469e-16,4.485703197996e-19,REJECT
44,1.000000000000e+22,8.358196362968e-01,-3.727850225137e-05,1.263582759621e-09,4.811450612357e-13,-7.452034602469e-16,4.485703197996e-19,REJECT
45,1.000000000000e+23,8.358196362968e-01,-3.727850225137e-05,1.263582759621e-09,4.811450612357e-13,-7.452034602469e-16,4.485703197996e-19,REJECT
46,1.000000000000e+24,8.358196362968e-01,-3.727850225137e-05,1.263582759621e-09,4.811450612357e-13,-7.452034602469e-16,4.485703197996e-19,REJECT
47,1.000000000000e+25,8.358196362968e-01,-3.727850225137e-05,1.263582759621e-09,4.811450612357e-13,-7.452034602469e-16,4.485703197996e-19,REJECT
48,1.000000000000e+26,8.358196362968e-01,-3.727850225137e-05,1.263582759621e-09,4.811450612357e-13,-7.452034602469e-16,4.485703197996e-19,REJECT
49,1.000000000000e+27,8.358196362968e-01,-3.727850225137e-05,1.263582759621e-09,4.811450612357e-13,-7.452034602469e-16,4.485703197996e-19,REJECT
50,1.000000000000e+28,8.358196362968e-01,-3.727850225137e-05,1.263582759621e-09,4.811450612357e-13,-7.452034602469e-16,4.485703197996e-19,REJECT
51,1.000000000000e+29,8.358196362968e-01,-3.727850225137e-05,1.263582759621e-09,4.811450612357e-13,-7.452034602469e-16,4.485703197996e-19,REJECT
52,1.000000000000e+30,8.358196362968e-01,-3.727850225137e-05,1.263582759621e-09,4.811450612357e-13,-7.452034602469e-16,4.485703197996e-19,REJECT
53,1.000000000000e+31,8.358196362968e-01,-3.727850225137e-05,1.263582759621e-09,4.811450612357e-13,-7.452034602469e-16,4.485703197996e-19,REJECT
54,1.000000000000e+32,8.358196362968e-01,-3.727850225137e-05,1.263582759621e-09,4.811450612357e-13,-7.452034602469e-16,4.485703197996e-19,REJECT
55,1.000000000000e+33,8.358196362968e-01,-3.727850225137e-05,1.263582759621e-09,4.811450612357e-13,-7.452034602469e-16,4.485703197996e-19,REJECT
56,1.000000000000e+34,8.358196362968e-01,-3.727850225137e-05,1.263582759621e-09,4.811450612357e-13,-7.452034602469e-16,4.485703197996e-19,REJECT
57,1.000000000000e+35,8.358196362968e-01,-3.727850225137e-05,1.263582759621e-09,4.811450612357e-13,-7.452034602469e-16,4.485703197996e-19,REJECT
58,1.000000000000e+36,8.358196362968e-01,-3.727850225137e-05,1.263582759621e-09,4.811450612357e-13,-7.452034602469e-16,4.485703197996e-19,REJECT
59,1.000000000000e+37,8.358196362968e-01,-3.727850225137e-05,1.263582759621e-09,4.811450612357e-13,-7.452034602469e-16,4.485703197996e-19,REJECT
60,1.000000000000e+38,8.358196362968e-01,-3.727850225137e-05,1.263582759621e-09,4.811450612357e-13,-7.452034602469e-16,4.485703197996e-19,REJECT
61,1.000000000000e+39,8.358196362968e-01,-3.727850225137e-05,1.263582759621e-09,4.811450612357e-13,-7.452034602469e-16,4.485703197996e-19,REJECT
62,1.000000000000e+40,8.358196362968e-01,-3.727850225137e-05,1.263582759621e-09,4.811450612357e-13,-7.452034602469e-16,4.485703197996e-19,REJECT
63,1.000000000000e+41,8.358196362968e-01,-3.727850225137e-05,1.263582759621e-09,4.811450612357e-13,-7.452034602469e-16,4.485703197996e-19,REJECT
64,1.000000000000e+42,8.358196362968e-01,-3.727850225137e-05,1.263582759621e-09,4.811450612357e-13,-7.452034602469e-16,4.485703197996e-19,REJECT
65,1.000000000000e+43,8.358196362968e-01,-3.727850225137e-05,1.263582759621e-09,4.811450612357e-13,-7.452034602469e-16,4.485703197996e-19,REJECT
66,1.000000000000e+44,8.358196362968e-01,-3.727850225137e-05,1.263582759621e-09,4.811450612357e-13,-7.452034602469e-16,4.485703197996e-19,REJECT
67,1.000000000000e+45,8.358196362968e-01,-3.727850225137e-05,1.263582759621e-09,4.811450612357e-13,-7.452034602469e-16,4.485703197996e-19,REJECT
68,1.000000000000e+46,8.358196362968e-01,-3.727850225137e-05,1.263582759621e-09,4.811450612357e-13,-7.452034602469e-16,4.485703197996e-19,REJECT
69,1.000000000000e+47,8.358196362968e-01,-3.727850225137e-05,1.263582759621e-09,4.811450612357e-13,-7.452034602469e-16,4.485703197996e-19,REJECT
70,1.000000000000e+48,8.358196362968e-01,-3.727850225137e-05,1.263582759621e-09,4.811450612357e-13,-7.452034602469e-16,4.485703197996e-19,REJECT
71,1.000000000000e+49,8.358196362968e-01,-3.727850225137e-05,1.263582759621e-09,4.811450612357e-13,-7.452034602469e-16,4.485703197996e-19,REJECT
72,1.000000000000e+50,8.358196362968e-01,-3.727850225137e-05,1.263582759621e-09,4.811450612357e-13,-7.452034602469e-16,4.485703197996e-19,REJECT
73,1.000000000000e+51,8.358196362968e-01,-3.727850225137e-05,1.263582759621e-09,4.811450612357e-13,-7.452034602469e-16,4.485703197996e-19,REJECT
74,1.000000000000e+52,8.358196362968e-01,-3.727850225137e-05,1.263582759621e-09,4.811450612357e-13,-7.452034602469e-16,4.485703197996e-19,REJECT
75,1.000000000000e+53,8.358196362968e-01,-3.727850225137e-05,1.263582759621e-09,4.811450612357e-13,-7.452034602469e-16,4.485703197996e-19,REJECT
76,1.000000000000e+54,8.358196362968e-01,-3.727850225137e-05,1.263582759621e-09,4.811450612357e-13,-7.452034602469e-16,4.485703197996e-19,REJECT
77,1.000000000000e+55,8.358196362968e-01,-3.727850225137e-05,1.263582759621e-09,4.811450612357e-13,-7.452034602469e-16,4.485703197996e-19,REJECT
78,1.000000000000e+56,8.358196362968e-01,-3.727850225137e-05,1.263582759621e-09,4.811450612357e-13,-7.452034602469e-16,4.485703197996e-19,REJECT
79,1.000000000000e+57,8.358196362968e-01,-3.727850225137e-05,1.263582759621e-09,4.811450612357e-13,-7.452034602469e-16,4.485703197996e-19,REJECT
80,1.000000000000e+58,8.358196362968e-01,-3.727850225137e-05,1.263582759621e-09,4.811450612357e-13,-7.452034602469e-16,4.485703197996e-19,REJECT
81,1.000000000000e+59,8.358196362968e-01,-3.727850225137e-05,1.263582759621e-09,4.811450612357e-13,-7.452034602469e-16,4.485703197996e-19,REJECT
82,1.000000000000e+60,8.358196362968e-01,-3.727850225137e-05,1.263582759621e-09,4.811450612357e-13,-7.452034602469e-16,4.485703197996e-19,REJECT
83,1.000000000000e+61,8.358196362968e-01,-3.727850225137e-05,1.263582759621e-09,4.811450612357e-13,-7.452034602469e-16,4.485703197996e-19,REJECT
84,1.000000000000e+62,8.358196362968e-01,-3.727850225137e-05,1.263582759621e-09,4.811450612357e-13,-7.452034602469e-16,4.485703197996e-19,REJECT
85,1.000000000000e+63,8.358196362968e-01,-3.727850225137e-05,1.263582759621e-09,4.811450612357e-13,-7.452034602469e-16,4.485703197996e-19,REJECT
86,1.000000000000e+64,8.358196362968e-01,-3.727850225137e-05,1.263582759621e-09,4.811450612357e-13,-7.452034602469e-16,4.485703197996e-19,REJECT
87,1.000000000000e+65,8.358196362968e-01,-3.727850225137e-05,1.263582759621e-09,4.811450612357e-13,-7.452034602469e-16,4.485703197996e-19,REJECT
88,1.000000000000e+66,8.358196362968e-01,-3.727850225137e-05,1.263582759621e-09,4.811450612357e-13,-7.452034602469e-16,4.485703197996e-19,REJECT
89,1.000000000000e+67,8.358196362968e-01,-3.727850225137e-05,1.263582759621e-09,4.811450612357e-13,-7.452034602469e-16,4.485703197996e-19,REJECT
90,1.000000000000e+68,8.358196362968e-01,-3.727850225137e-05,1.263582759621e-09,4.811450612357e-13,-7.452034602469e-16,4.485703197996e-19,REJECT
91,1.000000000000e+69,8.358196362968e-01,-3.727850225137e-05,1.263582759621e-09,4.811450612357e-13,-7.452034602469e-16,4.485703197996e-19,REJECT
92,1.000000000000e+70,8.358196362968e-01,-3.727850225137e-05,1.263582759621e-09,4.811450612357e-13,-7.452034602469e-16,4.485703197996e-19,REJECT
93,1.000000000000e+71,8.358196362968e-01,-3.727850225137e-05,1.263582759621e-09,4.811450612357e-13,-7.452034602469e-16,4.485703197996e-19,REJECT
94,1.000000000000e+72,8.358196362968e-01,-3.727850225137e-05,1.263582759621e-09,4.811450612357e-13,-7.452034602469e-16,4.485703197996e-19,REJECT
95,1.000000000000e+73,8.358196362968e-01,-3.727850225137e-05,1.263582759621e-09,4.811450612357e-13,-7.452034602469e-16,4.485703197996e-19,REJECT
96,1.000000000000e+74,8.358196362968e-01,-3.727850225137e-05,1.263582759621e-09,4.811450612357e-13,-7.452034602469e-16,4.485703197996e-19,REJECT
97,1.000000000000e+75,8.358196362968e-01,-3.727850225137e-05,1.263582759621e-09,4.811450612357e-13,-7.452034602469e-16,4.485703197996e-19,REJECT
98,1.000000000000e+76,8.358196362968e-01,-3.727850225137e-05,1.263582759621e-09,4.811450612357e-13,-7.452034602469e-16,4.485703197996e-19,REJECT
99,1.000000000000e+77,8.358196362968e-01,-3.727850225137e-05,1.263582759621e-09,4.811450612357e-13,-7.452034602469e-16,4.485703197996e-19,REJECT
100,1.000000000000e+78,8.358196362968e-01,-3.727850225137e-05,1.263582759621e-09,4.811450612357e-13,-7.452034602469e-16,4.485703197996e-19,REJECT
101,1.000000000000e+79,8.358196362968e-01,-3.727850225137e-05,1.263582759621e-09,4.811450612357e-13,-7.452034602469e-16,4.485703197996e-19,REJECT
102,1.000000000000e+80,8.358196362968e-01,-3.727850225137e-05,1.263582759621e-09,4.811450612357e-13,-7.452034602469e-16,4.485703197996e-19,REJECT
103,1.000000000000e+81,8.358196362968e-01,-3.727850225137e-05,1.263582759621e-09,4.811450612357e-13,-7.452034602469e-16,4.485703197996e-19,REJECT
104,1.000000000000e+82,8.358196362968e-01,-3.727850225137e-05,1.263582759621e-09,4.811450612357e-13,-7.452034602469e-16,4.485703197996e-19,REJECT
105,1.000000000000e+83,8.358196362968e-01,-3.727850225137e-05,1.263582759621e-09,4.811450612357e-13,-7.452034602469e-16,4.485703197996e-19,REJECT
106,1.000000000000e+84,8.358196362968e-01,-3.727850225137e-05,1.263582759621e-09,4.811450612357e-13,-7.452034602469e-16,4.485703197996e-19,REJECT
107,1.000000000000e+85,8.358196362968e-01,-3.727850225137e-05,1.263582759621e-09,4.811450612357e-13,-7.452034602469e-16,4.485703197996e-19,REJECT
108,1.000000000000e+86,8.358196362968e-01,-3.727850225137e-05,1.263582759621e-09,4.811450612357e-13,-7.452034602469e-16,4.485703197996e-19,REJECT
109,1.000000000000e+87,8.358196362968e-01,-3.727850225137e-05,1.263582759621e-09,4.811450612357e-13,-7.452034602469e-16,4.485703197996e-19,REJECT
110,1.000000000000e+88,8.358196362968e-01,-3.727850225137e-05,1.263582759621e-09,4.811450612357e-13,-7.452034602469e-16,4.485703197996e-19,REJECT
111,1.000000000000e+89,8.358196362968e-01,-3.727850225137e-05,1.263582759621e-09,4.811450612357e-13,-7.452034602469e-16,4.485703197996e-19,REJECT
112,1.000000000000e+90,8.358196362968e-01,-3.727850225137e-05,1.263582759621e-09,4.811450612357e-13,-7.452034602469e-16,4.485703197996e-19,REJECT
113,1.000000000000e+91,8.358196362968e-01,-3.727850225137e-05,1.263582759621e-09,4.811450612357e-13,-7.452034602469e-16,4.485703197996e-19,REJECT
114,1.000000000000e+92,8.358196362968e-01,-3.727850225137e-05,1.263582759621e-09,4.811450612357e-13,-7.452034602469e-16,4.485703197996e-19,REJECT
115,1.000000000000e+93,8.358196362968e-01,-3.727850225137e-05,1.263582759621e-09,4.811450612357e-13,-7.452034602469e-16,4.485703197996e-19,REJECT
116,1.000000000000e+94,8.358196362968e-01,-3.727850225137e-05,1.263582759621e-09,4.811450612357e-13,-7.452034602469e-16,4.485703197996e-19,REJECT
117,1.000000000000e+95,8.358196362968e-01,-3.727850225137e-05,1.263582759621e-09,4.811450612357e-13,-7.452034602469e-16,4.485703197996e-19,REJECT
118,1.000000000000e+96,8.358196362968e-01,-3.727850225137e-05,1.263582759621e-09,4.811450612357e-13,-7.452034602469e-16,4.485703197996e-19,REJECT
119,1.000000000000e+97,8.358196362968e-01,-3.727850225137e-05,1.263582759621e-09,4.811450612357e-13,-7.452034602469e-16,4.485703197996e-19,REJECT
120,1.000000000000e+98,8.358196362968e-01,-3.727850225137e-05,1.263582759621e-09,4.811450612357e-13,-7.452034602469e-16,4.485703197996e-19,REJECT
121,1.000000000000e+99,8.358196362968e-01,-3.727850225137e-05,1.263582759621e-09,4.811450612357e-13,-7.452034602469e-16,4.485703197996e-19,REJECT
